start_year,end_year,region,region_type,strata_included,strata_excluded,trend,trend_q_0.025,trend_q_0.05,trend_q_0.1,trend_q_0.25,trend_q_0.75,trend_q_0.9,trend_q_0.95,trend_q_0.975,percent_change,percent_change_q_0.025,percent_change_q_0.05,percent_change_q_0.1,percent_change_q_0.25,percent_change_q_0.75,percent_change_q_0.9,percent_change_q_0.95,percent_change_q_0.975,width_of_95_percent_credible_interval,rel_abundance,obs_rel_abundance,n_routes,mean_n_routes,n_strata_included,backcast_flag,trends,species
2010,2025,Alberta,survey_region,50_-114 ; 51_-114 ; 53_-112 ; 53_-113 ; 53_-114 ; 53_-116 ; 54_-110 ; 54_-111 ; 54_-113 ; 55_-114 ; 56_-117,,-0.8606374083090562,-4.480729419046547,-3.856432422293432,-3.0500600385015786,-2.1304256437600477,0.182475077271671,1.4194381258411104,1.8945598680092823,2.488618316524005,-12.16009941102304,-52.412035549676105,-46.504802354815325,-43.7122732487818,-29.62542826943565,0.4458198248945777,15.397196764938004,29.463825036373812,40.340585224449185,6.969347735570552,1.2624617683147827,0.4425297619047619,23,15.125,11,1,-1:-0.5 %,Barred Owl
2010,2025,British Columbia,survey_region,48_-123 ; 48_-124 ; 49_-115 ; 49_-117 ; 49_-118 ; 49_-119 ; 49_-120 ; 49_-121 ; 49_-122 ; 49_-123 ; 49_-124 ; 50_-115 ; 50_-117 ; 50_-120 ; 50_-122 ; 50_-125 ; 50_-127 ; 51_-116 ; 51_-120 ; 52_-122 ; 53_-120 ; 53_-121 ; 53_-122 ; 53_-123 ; 54_-121 ; 54_-122 ; 54_-123 ; 55_-123,,-0.9940414261932873,-4.085520708107804,-3.598789526766899,-2.9822620090093177,-1.9363550125877205,0.231531769802662,1.130060617101547,1.759999932539369,2.2054839957186934,-13.916484244478456,-50.275525748554095,-46.47069884215499,-42.29182925376054,-32.699648137195325,-5.045909468315191,11.146324311820898,22.73312478117342,33.6330702410407,6.291004703826498,1.235869115973455,0.5821274649878558,67,30.5,28,1,-1:-0.5 %,Barred Owl
2010,2025,Manitoba,survey_region,49_-95 ; 49_-96 ; 49_-97 ; 49_-99 ; 50_-95 ; 50_-96 ; 50_-97 ; 50_-99 ; 53_-101,,-1.481831046971538,-4.530621588359329,-4.061214539062286,-3.425678407747612,-2.4187535248865966,-0.4312028977342952,0.41972186308487647,0.8883493302881851,1.342985355421189,-20.06352877589378,-51.160710620239655,-49.2180442804279,-44.128623032067615,-34.320294232137925,-10.30977458030894,1.8571590020546758,10.590656303434699,20.291533139265084,5.873606943780518,1.4593457713782458,0.3753467149170274,48,24.4375,9,1,-2:-1 %,Barred Owl
2010,2025,Maritimes,survey_region,43_-65 ; 44_-62 ; 44_-63 ; 44_-64 ; 44_-65 ; 44_-66 ; 45_-60 ; 45_-61 ; 45_-62 ; 45_-63 ; 45_-64 ; 45_-65 ; 45_-66 ; 45_-67 ; 46_-60 ; 46_-61 ; 46_-62 ; 46_-63 ; 46_-64 ; 46_-65 ; 46_-66 ; 46_-67 ; 47_-64 ; 47_-65 ; 47_-66 ; 47_-67,,1.2156071349172959,-0.05926768184040254,0.11972569617271223,0.27048303686789676,0.8169116170722912,1.732592306262415,2.004480369936368,2.343920532653976,2.586354961950832,19.87048661628168,-0.8853363922825541,1.0184783355620786,4.134972421539085,10.394611006659416,26.48254402928312,34.6755373981942,40.66041730940657,46.67090945801715,2.6456226437912345,1.189502034363412,3.196008136492015,203,108.1875,26,1,1:2 %,Barred Owl
2010,2025,Ontario,survey_region,44_-75 ; 44_-76 ; 44_-77 ; 44_-78 ; 44_-79 ; 44_-80 ; 44_-81 ; 45_-75 ; 45_-76 ; 45_-77 ; 45_-78 ; 45_-79 ; 45_-80 ; 45_-81 ; 45_-82 ; 46_-79 ; 46_-80 ; 46_-81 ; 46_-82 ; 46_-83 ; 46_-84 ; 47_-83 ; 47_-84 ; 48_-80 ; 48_-81 ; 48_-82 ; 48_-86 ; 48_-88 ; 48_-89 ; 48_-90 ; 48_-91 ; 48_-92 ; 48_-93 ; 48_-94 ; 49_-80 ; 49_-86 ; 49_-88 ; 49_-91 ; 49_-92 ; 49_-93 ; 49_-94 ; 50_-89 ; 50_-91 ; 50_-92 ; 50_-93 ; 50_-94 ; 51_-89 ; 51_-93,,0.7606935916250723,-0.6176641359002533,-0.2812680934830891,-0.0818866508658811,0.39591180190414743,1.2854597370750565,1.5983126622202581,1.8813228449812813,1.9887502232317278,12.03848468235169,-8.874903423089464,-6.042098152768604,-2.08720793826932,4.175645729015431,19.01123334900121,25.878761115208725,30.18487218875552,34.36434802863051,2.606414359131981,1.2768178127943273,2.6298397122146255,251,141.5,48,1,0.5:1 %,Barred Owl
2010,2025,Quebec,survey_region,45_-71 ; 45_-72 ; 45_-73 ; 45_-74 ; 46_-70 ; 46_-71 ; 46_-72 ; 46_-73 ; 46_-74 ; 46_-75 ; 46_-76 ; 46_-78 ; 47_-68 ; 47_-69 ; 47_-70 ; 48_-64 ; 48_-66 ; 48_-68 ; 48_-70 ; 48_-72,,2.2675439409299614,1.0492621713298345,1.1668928328136596,1.3839353630285878,1.7834835522027248,2.676288472972388,3.0698876241335604,3.322984045791988,3.630997171570871,39.98045175076803,13.318019583947605,18.12419382540753,22.015258813390727,29.23549664320133,47.40101130293783,56.40469454683994,62.457524985827284,67.02082356452314,2.5817350002410366,1.228547521376409,2.7130304774651113,163,69.75,20,1,2:4 %,Barred Owl
2010,2025,Saskatchewan,survey_region,53_-105 ; 53_-106 ; 53_-107 ; 54_-106,,-2.390127574014511,-6.831994267457042,-6.18244762075858,-5.334291751616349,-3.8597033718480667,-0.7667143311607671,0.4779336499482367,1.3722079321478953,2.1674847132401753,-30.432534818656755,-72.94494281926389,-67.2403035553069,-61.606166627643375,-53.429335720435446,-21.97726633299174,-1.0795072933624361,13.995741954401563,25.376569519958814,8.999478980697218,1.3967526555194454,0.3974358974358974,6,2.75,4,1,-4:-2 %,Barred Owl
2010,2025,survey_wide,survey_wide,43_-65 ; 44_-62 ; 44_-63 ; 44_-64 ; 44_-65 ; 44_-66 ; 44_-75 ; 44_-76 ; 44_-77 ; 44_-78 ; 44_-79 ; 44_-80 ; 44_-81 ; 45_-60 ; 45_-61 ; 45_-62 ; 45_-63 ; 45_-64 ; 45_-65 ; 45_-66 ; 45_-67 ; 45_-71 ; 45_-72 ; 45_-73 ; 45_-74 ; 45_-75 ; 45_-76 ; 45_-77 ; 45_-78 ; 45_-79 ; 45_-80 ; 45_-81 ; 45_-82 ; 46_-60 ; 46_-61 ; 46_-62 ; 46_-63 ; 46_-64 ; 46_-65 ; 46_-66 ; 46_-67 ; 46_-70 ; 46_-71 ; 46_-72 ; 46_-73 ; 46_-74 ; 46_-75 ; 46_-76 ; 46_-78 ; 46_-79 ; 46_-80 ; 46_-81 ; 46_-82 ; 46_-83 ; 46_-84 ; 47_-64 ; 47_-65 ; 47_-66 ; 47_-67 ; 47_-68 ; 47_-69 ; 47_-70 ; 47_-83 ; 47_-84 ; 48_-123 ; 48_-124 ; 48_-64 ; 48_-66 ; 48_-68 ; 48_-70 ; 48_-72 ; 48_-80 ; 48_-81 ; 48_-82 ; 48_-86 ; 48_-88 ; 48_-89 ; 48_-90 ; 48_-91 ; 48_-92 ; 48_-93 ; 48_-94 ; 49_-115 ; 49_-117 ; 49_-118 ; 49_-119 ; 49_-120 ; 49_-121 ; 49_-122 ; 49_-123 ; 49_-124 ; 49_-80 ; 49_-86 ; 49_-88 ; 49_-91 ; 49_-92 ; 49_-93 ; 49_-94 ; 49_-95 ; 49_-96 ; 49_-97 ; 49_-99 ; 50_-114 ; 50_-115 ; 50_-117 ; 50_-120 ; 50_-122 ; 50_-125 ; 50_-127 ; 50_-89 ; 50_-91 ; 50_-92 ; 50_-93 ; 50_-94 ; 50_-95 ; 50_-96 ; 50_-97 ; 50_-99 ; 51_-114 ; 51_-116 ; 51_-120 ; 51_-89 ; 51_-93 ; 52_-122 ; 53_-101 ; 53_-105 ; 53_-106 ; 53_-107 ; 53_-112 ; 53_-113 ; 53_-114 ; 53_-116 ; 53_-120 ; 53_-121 ; 53_-122 ; 53_-123 ; 54_-106 ; 54_-110 ; 54_-111 ; 54_-113 ; 54_-121 ; 54_-122 ; 54_-123 ; 55_-114 ; 55_-123 ; 56_-117,,1.0439823313205476,0.1768450019840051,0.33523703043372155,0.4986997843041463,0.8268643287492994,1.4039310609994082,1.6095601050722497,1.7719136841003014,1.9051968946302011,16.85755996832361,1.530470064599565,3.9598532562948874,7.64646127987112,12.030828121994318,22.055996552871516,26.953180656294727,29.108628318210307,31.30312264318109,1.728351892646196,1.2465647687839885,2.1341289023373267,761,392.25,146,1,1:2 %,Barred Owl
2000,2025,Alberta,survey_region,50_-114 ; 51_-114 ; 53_-112 ; 53_-113 ; 53_-114 ; 53_-116 ; 54_-110 ; 54_-111 ; 54_-113 ; 55_-114 ; 56_-117,,0.25328725302735666,-2.783749562735771,-2.093553802089787,-1.7696926833815962,-0.8458734683884361,1.178205524042375,2.007822178744445,2.8900182885299497,3.0908344330604187,6.528434673508632,-56.083276014397484,-51.66755806455996,-40.416012566772444,-31.04783454522977,18.9528586418392,57.924175132532696,77.60227039133973,102.41373516557934,5.87458399579619,1.2325701986582767,0.502517600244873,23,16.076923076923077,11,1,-0.5:0.5 %,Barred Owl
2000,2025,British Columbia,survey_region,48_-123 ; 48_-124 ; 49_-115 ; 49_-117 ; 49_-118 ; 49_-119 ; 49_-120 ; 49_-121 ; 49_-122 ; 49_-123 ; 49_-124 ; 50_-115 ; 50_-117 ; 50_-120 ; 50_-122 ; 50_-125 ; 50_-127 ; 51_-116 ; 51_-120 ; 52_-122 ; 53_-120 ; 53_-121 ; 53_-122 ; 53_-123 ; 54_-121 ; 54_-122 ; 54_-123 ; 55_-123,,0.8442444150100648,-1.4234975149172824,-1.0695488697425537,-0.6660251270183104,0.1727210074755181,1.7141629728784746,2.2963751400976173,2.689063469010189,3.051427471887136,23.389415908384148,-38.462052662437685,-31.973534257712966,-25.2223241035091,-7.592264216372602,38.605439737440506,63.42701694141621,83.55997083777014,99.94590672067314,4.474924986804418,1.1537596862058797,0.5513555656091663,67,36.11538461538461,28,1,0.5:1 %,Barred Owl
2000,2025,Manitoba,survey_region,49_-95 ; 49_-96 ; 49_-97 ; 49_-99 ; 50_-95 ; 50_-96 ; 50_-97 ; 50_-99 ; 53_-101,,1.9141709710639443,-0.372920734968496,0.030759955575820896,0.31319311641890835,0.9837272156681509,2.6098956048492106,3.394575285860424,3.978023675122766,4.399455825180643,60.643960259594195,-22.124757592933307,-11.606979691799069,-0.2922805483702384,15.852806757381499,76.41730209753442,118.58914352292418,144.84166307192478,166.90507615155843,4.772376560149139,1.386935795743114,0.3810675039246468,48,22.96153846153846,9,1,1:2 %,Barred Owl
2000,2025,Maritimes,survey_region,43_-65 ; 44_-62 ; 44_-63 ; 44_-64 ; 44_-65 ; 44_-66 ; 45_-60 ; 45_-61 ; 45_-62 ; 45_-63 ; 45_-64 ; 45_-65 ; 45_-66 ; 45_-67 ; 46_-60 ; 46_-61 ; 46_-62 ; 46_-63 ; 46_-64 ; 46_-65 ; 46_-66 ; 46_-67 ; 47_-64 ; 47_-65 ; 47_-66 ; 47_-67,,1.4583429215210497,0.17033506281516342,0.38793883172034693,0.5876755781569543,1.0068695314666476,1.881561680237187,2.2742519901149505,2.586522964335747,2.81133095928483,43.61312274802059,0.9509926966249749,6.263518324556028,12.49147782238673,23.96397815204041,54.67008009585663,71.73690706476408,83.76055405779618,95.57253288820009,2.6409958964696667,1.130046512380092,2.89207817170448,203,116.1923076923077,26,1,1:2 %,Barred Owl
2000,2025,Ontario,survey_region,44_-75 ; 44_-76 ; 44_-77 ; 44_-78 ; 44_-79 ; 44_-80 ; 44_-81 ; 45_-75 ; 45_-76 ; 45_-77 ; 45_-78 ; 45_-79 ; 45_-80 ; 45_-81 ; 45_-82 ; 46_-79 ; 46_-80 ; 46_-81 ; 46_-82 ; 46_-83 ; 46_-84 ; 47_-83 ; 47_-84 ; 48_-80 ; 48_-81 ; 48_-82 ; 48_-86 ; 48_-88 ; 48_-89 ; 48_-90 ; 48_-91 ; 48_-92 ; 48_-93 ; 48_-94 ; 49_-80 ; 49_-86 ; 49_-88 ; 49_-91 ; 49_-92 ; 49_-93 ; 49_-94 ; 50_-89 ; 50_-91 ; 50_-92 ; 50_-93 ; 50_-94 ; 51_-89 ; 51_-93,,1.6426433745769242,0.7218600460147995,0.9273174511927662,1.0339121829773035,1.3259346033945851,1.9292753100025761,2.2127047373458275,2.4453989137030563,2.5507570507943944,50.27916581799299,18.605107075108606,24.404520755049354,27.80775568206286,38.98825696046302,61.2277227348317,71.06723869991696,81.14172999644913,86.41463030080463,1.828897004779595,1.2084523230520403,2.2491046926057776,251,135.65384615384616,48,1,1:2 %,Barred Owl
2000,2025,Quebec,survey_region,45_-71 ; 45_-72 ; 45_-73 ; 45_-74 ; 46_-70 ; 46_-71 ; 46_-72 ; 46_-73 ; 46_-74 ; 46_-75 ; 46_-76 ; 46_-78 ; 47_-68 ; 47_-69 ; 47_-70 ; 48_-64 ; 48_-66 ; 48_-68 ; 48_-70 ; 48_-72,,3.5623890453720386,1.8600414574936108,2.121397127727831,2.39536889310088,2.830232889999995,4.068143531935187,4.75726074571432,5.124807692369759,5.432472236201535,139.91174629794654,50.43024303961978,56.175065892368046,71.9719336371131,99.66540746638618,169.57293661897666,206.30570813795782,232.40325041411288,262.60768710341495,3.5724307787079246,1.059429586357553,2.0495942958357447,163,48.03846153846154,20,1,2:4 %,Barred Owl
2000,2025,Saskatchewan,survey_region,53_-105 ; 53_-106 ; 53_-107 ; 54_-106,,-1.1866026839132904,-5.206275727413267,-4.69457590546406,-3.936406191930719,-2.5233828582150064,0.36175196507863827,1.3909426482765497,2.2024740431224155,3.0928360817971123,-25.801388309310425,-83.31169663673322,-79.90397725358874,-73.28066262410138,-64.60623619612285,-17.371367408519433,22.50027135477941,51.031828877825404,78.88631747511275,8.29911180921038,1.5603459233755699,0.4742063492063492,6,2.6923076923076925,4,1,-2:-1 %,Barred Owl
2000,2025,survey_wide,survey_wide,43_-65 ; 44_-62 ; 44_-63 ; 44_-64 ; 44_-65 ; 44_-66 ; 44_-75 ; 44_-76 ; 44_-77 ; 44_-78 ; 44_-79 ; 44_-80 ; 44_-81 ; 45_-60 ; 45_-61 ; 45_-62 ; 45_-63 ; 45_-64 ; 45_-65 ; 45_-66 ; 45_-67 ; 45_-71 ; 45_-72 ; 45_-73 ; 45_-74 ; 45_-75 ; 45_-76 ; 45_-77 ; 45_-78 ; 45_-79 ; 45_-80 ; 45_-81 ; 45_-82 ; 46_-60 ; 46_-61 ; 46_-62 ; 46_-63 ; 46_-64 ; 46_-65 ; 46_-66 ; 46_-67 ; 46_-70 ; 46_-71 ; 46_-72 ; 46_-73 ; 46_-74 ; 46_-75 ; 46_-76 ; 46_-78 ; 46_-79 ; 46_-80 ; 46_-81 ; 46_-82 ; 46_-83 ; 46_-84 ; 47_-64 ; 47_-65 ; 47_-66 ; 47_-67 ; 47_-68 ; 47_-69 ; 47_-70 ; 47_-83 ; 47_-84 ; 48_-123 ; 48_-124 ; 48_-64 ; 48_-66 ; 48_-68 ; 48_-70 ; 48_-72 ; 48_-80 ; 48_-81 ; 48_-82 ; 48_-86 ; 48_-88 ; 48_-89 ; 48_-90 ; 48_-91 ; 48_-92 ; 48_-93 ; 48_-94 ; 49_-115 ; 49_-117 ; 49_-118 ; 49_-119 ; 49_-120 ; 49_-121 ; 49_-122 ; 49_-123 ; 49_-124 ; 49_-80 ; 49_-86 ; 49_-88 ; 49_-91 ; 49_-92 ; 49_-93 ; 49_-94 ; 49_-95 ; 49_-96 ; 49_-97 ; 49_-99 ; 50_-114 ; 50_-115 ; 50_-117 ; 50_-120 ; 50_-122 ; 50_-125 ; 50_-127 ; 50_-89 ; 50_-91 ; 50_-92 ; 50_-93 ; 50_-94 ; 50_-95 ; 50_-96 ; 50_-97 ; 50_-99 ; 51_-114 ; 51_-116 ; 51_-120 ; 51_-89 ; 51_-93 ; 52_-122 ; 53_-101 ; 53_-105 ; 53_-106 ; 53_-107 ; 53_-112 ; 53_-113 ; 53_-114 ; 53_-116 ; 53_-120 ; 53_-121 ; 53_-122 ; 53_-123 ; 54_-106 ; 54_-110 ; 54_-111 ; 54_-113 ; 54_-121 ; 54_-122 ; 54_-123 ; 55_-114 ; 55_-123 ; 56_-117,,1.8656287566349627,1.1400627689007736,1.2375830873159632,1.3705080471384523,1.6170772247103615,2.1237504114210104,2.364153188811091,2.5245457391241954,2.6889905825922433,58.7419658880072,29.079357997176537,36.001660276207744,38.59794635235458,48.008164485786,67.757641188174,77.38767179470949,86.50751807669666,90.0584143887865,1.5489278136914697,1.1615126962970759,1.8542046553730533,761,377.7307692307692,146,1,1:2 %,Barred Owl
2010,2025,Alberta,survey_region,50_-114 ; 51_-114 ; 52_-112 ; 52_-113 ; 52_-114 ; 52_-115 ; 53_-111 ; 53_-112 ; 53_-113 ; 53_-114 ; 53_-116 ; 54_-110 ; 54_-111 ; 54_-112 ; 54_-113 ; 55_-114 ; 55_-119 ; 56_-116 ; 56_-117 ; 56_-118,,-7.290159566391963,-10.610889505736997,-9.983557035647328,-9.431189556725695,-8.45145593685549,-6.260203320347745,-5.3042305952951345,-4.5437638779242455,-4.0473331794386835,-67.87171790654845,-83.21122994253183,-81.00873267860756,-77.89360663043783,-74.48342723086877,-63.44225910461452,-56.49295999757376,-52.76371195458276,-49.43051192574246,6.563556326298314,0.8780387414970536,0.8647937991365757,92,47.375,20,1,< -7 %,Northern Saw-whet Owl
2010,2025,British Columbia,survey_region,48_-123 ; 49_-115 ; 49_-117 ; 49_-118 ; 49_-119 ; 49_-120 ; 49_-122 ; 49_-123 ; 49_-124 ; 49_-125 ; 50_-116 ; 50_-117 ; 50_-119 ; 50_-120 ; 50_-121 ; 50_-122 ; 50_-125 ; 50_-126 ; 50_-127 ; 51_-116 ; 51_-120 ; 52_-122 ; 53_-120 ; 53_-121 ; 53_-122 ; 53_-123 ; 54_-121 ; 54_-122 ; 54_-123 ; 54_-126 ; 54_-127 ; 55_-123 ; 58_-123,,-9.061022382937296,-13.057400954547338,-12.45023363933334,-11.517347635192522,-10.542073220519388,-7.911801660171003,-6.408716405390546,-5.831391942262609,-5.047462266702385,-75.94247113881222,-89.71051381862516,-87.99220083124152,-86.39104206630736,-82.20471936861642,-72.15490969375658,-66.43026647503666,-61.60647825744962,-57.58517319471389,8.009938687844954,1.0220863349670006,1.3826887628928355,98,37.75,33,1,< -7 %,Northern Saw-whet Owl
2010,2025,Manitoba,survey_region,49_-95 ; 49_-96 ; 49_-97 ; 49_-98 ; 49_-99 ; 50_-100 ; 50_-95 ; 50_-96 ; 50_-97 ; 50_-99 ; 51_-96 ; 53_-101 ; 54_-101,,-8.086012097324408,-10.594604073291746,-10.253912030456657,-9.818017394533907,-8.938154754419003,-7.227124399067176,-6.525542876313861,-6.046929872075424,-5.53683640899486,-71.76913781365658,-82.67381911096062,-80.36970316152573,-79.09050803861935,-76.83622854401342,-69.10912130909207,-64.05509733155273,-60.76581430486014,-59.16915470158997,5.057767664296886,1.0408715126999664,0.7572587597587598,107,46.0625,13,1,< -7 %,Northern Saw-whet Owl
2010,2025,Maritimes,survey_region,43_-65 ; 44_-62 ; 44_-63 ; 44_-64 ; 44_-65 ; 44_-66 ; 45_-60 ; 45_-61 ; 45_-62 ; 45_-63 ; 45_-64 ; 45_-65 ; 45_-66 ; 45_-67 ; 46_-60 ; 46_-62 ; 46_-63 ; 46_-64 ; 46_-65 ; 46_-66 ; 46_-67 ; 47_-64 ; 47_-65 ; 47_-66 ; 47_-67,,-2.8073131199845336,-5.138285010914934,-4.797588532481734,-4.267090775027615,-3.5014795653979913,-1.9713830116388387,-1.3254083807793138,-1.0517695933534243,-0.6394891791534629,-34.76152132537458,-54.99099832975622,-52.167923236605176,-49.33810555430317,-44.95307703912898,-29.52683616181656,-19.879466263753077,-14.666319956849039,-9.688380966904075,4.498795831761471,0.6605239499419231,1.140568285390636,171,94.1875,25,1,-4:-2 %,Northern Saw-whet Owl
2010,2025,Ontario,survey_region,44_-75 ; 44_-76 ; 44_-77 ; 44_-78 ; 44_-79 ; 44_-80 ; 44_-81 ; 45_-75 ; 45_-76 ; 45_-77 ; 45_-78 ; 45_-79 ; 45_-80 ; 45_-81 ; 45_-82 ; 46_-79 ; 46_-80 ; 46_-81 ; 46_-82 ; 46_-83 ; 46_-84 ; 47_-79 ; 47_-80 ; 47_-82 ; 47_-83 ; 47_-84 ; 48_-80 ; 48_-81 ; 48_-82 ; 48_-85 ; 48_-86 ; 48_-88 ; 48_-89 ; 48_-90 ; 48_-91 ; 48_-92 ; 48_-93 ; 48_-94 ; 49_-80 ; 49_-82 ; 49_-85 ; 49_-86 ; 49_-88 ; 49_-90 ; 49_-91 ; 49_-92 ; 49_-93 ; 49_-94 ; 50_-86 ; 50_-91 ; 50_-92 ; 50_-93 ; 50_-94 ; 51_-93 ; 52_-91,,-6.3700379055119,-8.53142417438174,-8.143680068559178,-7.7455443580024985,-7.23917034200956,-5.830190353898946,-5.061911236820427,-4.611323447576532,-4.3339198916211075,-62.74172760689676,-73.98726480106987,-73.22871878110597,-70.56228273682311,-67.60564292084872,-59.38603519508527,-54.57649627619395,-52.26949077947136,-48.86199055244461,4.197504282760633,0.9472899541477205,0.8910398209797651,219,124.125,55,1,-7:-4 %,Northern Saw-whet Owl
2010,2025,Quebec,survey_region,45_-71 ; 45_-72 ; 45_-74 ; 46_-70 ; 46_-71 ; 46_-72 ; 46_-73 ; 46_-74 ; 46_-75 ; 46_-76 ; 46_-78 ; 47_-68 ; 47_-69 ; 48_-64 ; 48_-66 ; 48_-70 ; 48_-72 ; 48_-79,,-4.469859169933399,-6.913401015131404,-6.519301679952161,-6.075883475307641,-5.298392493705162,-3.632434286894193,-2.8250052338985587,-2.3229165056423584,-1.952232385966013,-49.63761719510031,-66.40662590543718,-65.67840810856174,-62.825210471232396,-55.80631004313491,-42.593201198293784,-37.28490708927086,-32.770502479734844,-26.700035570655267,4.961168629165391,0.8209254572319233,0.697893475499174,67,32.5625,18,1,-7:-4 %,Northern Saw-whet Owl
2010,2025,Saskatchewan,survey_region,50_-103 ; 51_-106 ; 52_-108 ; 53_-105 ; 53_-106 ; 53_-107 ; 54_-102 ; 54_-106,,-9.241222857244551,-13.885277967142528,-12.949974243386075,-12.361721019368243,-10.93757613001599,-7.723473501751121,-6.214443785128642,-5.2810531502617835,-4.479812591855936,-76.64770607400456,-92.49709374608787,-90.3046168550717,-88.61831698347214,-84.46266676259675,-72.82238902971265,-65.81691743295976,-60.69957140749017,-55.68478003558495,9.405465375286592,0.9945283151368749,0.8305555555555556,11,3.8125,8,1,< -7 %,Northern Saw-whet Owl
2010,2025,survey_wide,survey_wide,43_-65 ; 44_-62 ; 44_-63 ; 44_-64 ; 44_-65 ; 44_-66 ; 44_-75 ; 44_-76 ; 44_-77 ; 44_-78 ; 44_-79 ; 44_-80 ; 44_-81 ; 45_-60 ; 45_-61 ; 45_-62 ; 45_-63 ; 45_-64 ; 45_-65 ; 45_-66 ; 45_-67 ; 45_-71 ; 45_-72 ; 45_-74 ; 45_-75 ; 45_-76 ; 45_-77 ; 45_-78 ; 45_-79 ; 45_-80 ; 45_-81 ; 45_-82 ; 46_-60 ; 46_-62 ; 46_-63 ; 46_-64 ; 46_-65 ; 46_-66 ; 46_-67 ; 46_-70 ; 46_-71 ; 46_-72 ; 46_-73 ; 46_-74 ; 46_-75 ; 46_-76 ; 46_-78 ; 46_-79 ; 46_-80 ; 46_-81 ; 46_-82 ; 46_-83 ; 46_-84 ; 47_-64 ; 47_-65 ; 47_-66 ; 47_-67 ; 47_-68 ; 47_-69 ; 47_-79 ; 47_-80 ; 47_-82 ; 47_-83 ; 47_-84 ; 48_-123 ; 48_-64 ; 48_-66 ; 48_-70 ; 48_-72 ; 48_-79 ; 48_-80 ; 48_-81 ; 48_-82 ; 48_-85 ; 48_-86 ; 48_-88 ; 48_-89 ; 48_-90 ; 48_-91 ; 48_-92 ; 48_-93 ; 48_-94 ; 49_-115 ; 49_-117 ; 49_-118 ; 49_-119 ; 49_-120 ; 49_-122 ; 49_-123 ; 49_-124 ; 49_-125 ; 49_-80 ; 49_-82 ; 49_-85 ; 49_-86 ; 49_-88 ; 49_-90 ; 49_-91 ; 49_-92 ; 49_-93 ; 49_-94 ; 49_-95 ; 49_-96 ; 49_-97 ; 49_-98 ; 49_-99 ; 50_-100 ; 50_-103 ; 50_-114 ; 50_-116 ; 50_-117 ; 50_-119 ; 50_-120 ; 50_-121 ; 50_-122 ; 50_-125 ; 50_-126 ; 50_-127 ; 50_-86 ; 50_-91 ; 50_-92 ; 50_-93 ; 50_-94 ; 50_-95 ; 50_-96 ; 50_-97 ; 50_-99 ; 51_-106 ; 51_-114 ; 51_-116 ; 51_-120 ; 51_-93 ; 51_-96 ; 52_-108 ; 52_-112 ; 52_-113 ; 52_-114 ; 52_-115 ; 52_-122 ; 52_-91 ; 53_-101 ; 53_-105 ; 53_-106 ; 53_-107 ; 53_-111 ; 53_-112 ; 53_-113 ; 53_-114 ; 53_-116 ; 53_-120 ; 53_-121 ; 53_-122 ; 53_-123 ; 54_-101 ; 54_-102 ; 54_-106 ; 54_-110 ; 54_-111 ; 54_-112 ; 54_-113 ; 54_-121 ; 54_-122 ; 54_-123 ; 54_-126 ; 54_-127 ; 55_-114 ; 55_-119 ; 55_-123 ; 56_-116 ; 56_-117 ; 56_-118 ; 58_-123,,-6.70435991228479,-8.608259484670377,-8.331948293164936,-7.926917505057007,-7.322554380909596,-6.057163121117282,-5.5078215365347845,-5.177923910770755,-4.802762796526084,-64.6881695760543,-74.46884257082623,-73.18275545732055,-72.0156071510983,-69.49796258332455,-62.34966987282186,-58.28114886070416,-55.36678768995231,-52.81477632312503,3.8054966881442933,0.9128908751376232,0.9595350557417298,765,385.875,172,1,-7:-4 %,Northern Saw-whet Owl
2000,2025,Alberta,survey_region,50_-114 ; 51_-114 ; 52_-112 ; 52_-113 ; 52_-114 ; 52_-115 ; 53_-111 ; 53_-112 ; 53_-113 ; 53_-114 ; 53_-116 ; 54_-110 ; 54_-111 ; 54_-112 ; 54_-113 ; 55_-114 ; 55_-119 ; 56_-116 ; 56_-117 ; 56_-118,,-4.117496062810405,-6.7672307071159015,-6.365415584201095,-5.742943392227351,-4.884738603070915,-3.1638013585203573,-2.3998755722213216,-2.0313169443236134,-1.5386960431873264,-65.04702258773693,-85.26739780691842,-84.8059012601038,-80.72926844331039,-75.1092715988338,-59.62990012866365,-50.802194553757104,-45.517216994093744,-37.5390188411949,5.228534663928575,1.0359858748262072,1.0302648456992087,92,50.34615384615385,20,1,-7:-4 %,Northern Saw-whet Owl
2000,2025,British Columbia,survey_region,48_-123 ; 49_-115 ; 49_-117 ; 49_-118 ; 49_-119 ; 49_-120 ; 49_-122 ; 49_-123 ; 49_-124 ; 49_-125 ; 50_-116 ; 50_-117 ; 50_-119 ; 50_-120 ; 50_-121 ; 50_-122 ; 50_-125 ; 50_-126 ; 50_-127 ; 51_-116 ; 51_-120 ; 52_-122 ; 53_-120 ; 53_-121 ; 53_-122 ; 53_-123 ; 54_-121 ; 54_-122 ; 54_-123 ; 54_-126 ; 54_-127 ; 55_-123 ; 58_-123,,-4.860560144854154,-7.341056650624167,-7.2190078504065,-6.682906725040095,-5.845423427172236,-4.075988456618607,-3.070382618868117,-2.4394931046468393,-1.6419799015939818,-71.22503834578409,-88.68967605071747,-86.32697448917394,-84.9962680557195,-79.9895153126424,-67.22256548590855,-58.54796864627958,-49.70754272174559,-42.74556570691399,5.699076749030185,1.2212749667042933,1.4858708191856442,98,47.61538461538461,33,1,-7:-4 %,Northern Saw-whet Owl
2000,2025,Manitoba,survey_region,49_-95 ; 49_-96 ; 49_-97 ; 49_-98 ; 49_-99 ; 50_-100 ; 50_-95 ; 50_-96 ; 50_-97 ; 50_-99 ; 51_-96 ; 53_-101 ; 54_-101,,-3.935328299654539,-5.7131528483951755,-5.392551659718903,-5.070068405712458,-4.552710730328791,-3.3815481918426538,-2.8421478414759505,-2.5491811125608055,-2.316137834887133,-63.34843019916265,-77.96600207760986,-75.66896756360997,-73.29552589894399,-69.66254855276487,-58.77084685423686,-52.126498501655774,-48.60342945636974,-45.67256517356177,3.3970150135080424,1.2370331470721312,0.9224243117993118,107,43,13,1,-4:-2 %,Northern Saw-whet Owl
2000,2025,Maritimes,survey_region,43_-65 ; 44_-62 ; 44_-63 ; 44_-64 ; 44_-65 ; 44_-66 ; 45_-60 ; 45_-61 ; 45_-62 ; 45_-63 ; 45_-64 ; 45_-65 ; 45_-66 ; 45_-67 ; 46_-60 ; 46_-62 ; 46_-63 ; 46_-64 ; 46_-65 ; 46_-66 ; 46_-67 ; 47_-64 ; 47_-65 ; 47_-66 ; 47_-67,,0.5691443467818247,-1.9030399142075605,-1.3754381337966803,-0.7847204277019793,-0.23675091305078722,1.2121156401466715,2.050306855216477,2.357085647479651,2.7215738992351746,15.244149396761642,-42.05331381652816,-37.10201162274491,-23.479662879568963,-7.105079002480674,33.67606175319497,56.020119694699865,69.0275736438471,89.02230720823101,4.6246138134427355,0.6701339311253668,1.0648815997319219,171,100.73076923076923,25,1,0.5:1 %,Northern Saw-whet Owl
2000,2025,Ontario,survey_region,44_-75 ; 44_-76 ; 44_-77 ; 44_-78 ; 44_-79 ; 44_-80 ; 44_-81 ; 45_-75 ; 45_-76 ; 45_-77 ; 45_-78 ; 45_-79 ; 45_-80 ; 45_-81 ; 45_-82 ; 46_-79 ; 46_-80 ; 46_-81 ; 46_-82 ; 46_-83 ; 46_-84 ; 47_-79 ; 47_-80 ; 47_-82 ; 47_-83 ; 47_-84 ; 48_-80 ; 48_-81 ; 48_-82 ; 48_-85 ; 48_-86 ; 48_-88 ; 48_-89 ; 48_-90 ; 48_-91 ; 48_-92 ; 48_-93 ; 48_-94 ; 49_-80 ; 49_-82 ; 49_-85 ; 49_-86 ; 49_-88 ; 49_-90 ; 49_-91 ; 49_-92 ; 49_-93 ; 49_-94 ; 50_-86 ; 50_-91 ; 50_-92 ; 50_-93 ; 50_-94 ; 51_-93 ; 52_-91,,-2.594722595584881,-4.014514635775113,-3.7976152416967057,-3.437823972584353,-3.0816847574102413,-2.118576309169451,-1.5841906152467278,-1.379185659616422,-1.0991189212354646,-48.172269914683284,-66.77010801867978,-63.94895182139029,-61.09108616051226,-55.60023633108919,-42.901908110690044,-36.55052143747598,-32.047024690032856,-27.645892985361275,2.915395714539648,1.1043778486911633,1.0023042205439066,219,118.73076923076923,55,1,-4:-2 %,Northern Saw-whet Owl
2000,2025,Quebec,survey_region,45_-71 ; 45_-72 ; 45_-74 ; 46_-70 ; 46_-71 ; 46_-72 ; 46_-73 ; 46_-74 ; 46_-75 ; 46_-76 ; 46_-78 ; 47_-68 ; 47_-69 ; 48_-64 ; 48_-66 ; 48_-70 ; 48_-72 ; 48_-79,,-1.0390184701265515,-3.587717970512805,-3.063968142994511,-2.444602981217625,-1.683356939756675,-0.10302188546127411,0.6297610460332503,0.9771870672003136,1.28817351029491,-22.98064629917056,-65.86286405399773,-60.23028636711976,-51.81490834780254,-40.75355637585045,-10.495919852891866,7.336746795336291,17.184515633327567,29.353593240284038,4.875891480807715,0.8901485446678316,0.7299256338432809,67,23.5,18,1,-2:-1 %,Northern Saw-whet Owl
2000,2025,Saskatchewan,survey_region,50_-103 ; 51_-106 ; 52_-108 ; 53_-105 ; 53_-106 ; 53_-107 ; 54_-102 ; 54_-106,,-5.62491356351853,-9.4060855793071,-8.750272547540817,-7.841853482244732,-6.727731167534623,-4.312902341809977,-3.1105933500183536,-2.6975460246633665,-2.193809583373707,-76.48017568144323,-94.31058728983454,-92.3407773745262,-91.58604660325017,-85.04324486445338,-70.67428711258333,-63.390403577665296,-55.074022141772886,-49.14557207625959,7.212275995933393,1.3723896905401598,0.9873188405797102,11,4.1923076923076925,8,1,-7:-4 %,Northern Saw-whet Owl
2000,2025,survey_wide,survey_wide,43_-65 ; 44_-62 ; 44_-63 ; 44_-64 ; 44_-65 ; 44_-66 ; 44_-75 ; 44_-76 ; 44_-77 ; 44_-78 ; 44_-79 ; 44_-80 ; 44_-81 ; 45_-60 ; 45_-61 ; 45_-62 ; 45_-63 ; 45_-64 ; 45_-65 ; 45_-66 ; 45_-67 ; 45_-71 ; 45_-72 ; 45_-74 ; 45_-75 ; 45_-76 ; 45_-77 ; 45_-78 ; 45_-79 ; 45_-80 ; 45_-81 ; 45_-82 ; 46_-60 ; 46_-62 ; 46_-63 ; 46_-64 ; 46_-65 ; 46_-66 ; 46_-67 ; 46_-70 ; 46_-71 ; 46_-72 ; 46_-73 ; 46_-74 ; 46_-75 ; 46_-76 ; 46_-78 ; 46_-79 ; 46_-80 ; 46_-81 ; 46_-82 ; 46_-83 ; 46_-84 ; 47_-64 ; 47_-65 ; 47_-66 ; 47_-67 ; 47_-68 ; 47_-69 ; 47_-79 ; 47_-80 ; 47_-82 ; 47_-83 ; 47_-84 ; 48_-123 ; 48_-64 ; 48_-66 ; 48_-70 ; 48_-72 ; 48_-79 ; 48_-80 ; 48_-81 ; 48_-82 ; 48_-85 ; 48_-86 ; 48_-88 ; 48_-89 ; 48_-90 ; 48_-91 ; 48_-92 ; 48_-93 ; 48_-94 ; 49_-115 ; 49_-117 ; 49_-118 ; 49_-119 ; 49_-120 ; 49_-122 ; 49_-123 ; 49_-124 ; 49_-125 ; 49_-80 ; 49_-82 ; 49_-85 ; 49_-86 ; 49_-88 ; 49_-90 ; 49_-91 ; 49_-92 ; 49_-93 ; 49_-94 ; 49_-95 ; 49_-96 ; 49_-97 ; 49_-98 ; 49_-99 ; 50_-100 ; 50_-103 ; 50_-114 ; 50_-116 ; 50_-117 ; 50_-119 ; 50_-120 ; 50_-121 ; 50_-122 ; 50_-125 ; 50_-126 ; 50_-127 ; 50_-86 ; 50_-91 ; 50_-92 ; 50_-93 ; 50_-94 ; 50_-95 ; 50_-96 ; 50_-97 ; 50_-99 ; 51_-106 ; 51_-114 ; 51_-116 ; 51_-120 ; 51_-93 ; 51_-96 ; 52_-108 ; 52_-112 ; 52_-113 ; 52_-114 ; 52_-115 ; 52_-122 ; 52_-91 ; 53_-101 ; 53_-105 ; 53_-106 ; 53_-107 ; 53_-111 ; 53_-112 ; 53_-113 ; 53_-114 ; 53_-116 ; 53_-120 ; 53_-121 ; 53_-122 ; 53_-123 ; 54_-101 ; 54_-102 ; 54_-106 ; 54_-110 ; 54_-111 ; 54_-112 ; 54_-113 ; 54_-121 ; 54_-122 ; 54_-123 ; 54_-126 ; 54_-127 ; 55_-114 ; 55_-119 ; 55_-123 ; 56_-116 ; 56_-117 ; 56_-118 ; 58_-123,,-3.131243230629144,-4.677752071490904,-4.355980000330673,-4.077895650918462,-3.6771583249900375,-2.688493920345547,-2.159504438434612,-1.853312395773088,-1.6416327204580639,-54.856715646444165,-71.57102037735694,-68.73101853911785,-66.00471577521259,-61.76287393473354,-50.45932154337165,-43.6629817297426,-39.19580046541643,-35.78025215001336,3.03611935103284,1.0577690506301662,1.0603667808488444,765,388.11538461538464,172,1,-4:-2 %,Northern Saw-whet Owl
2010,2025,Alberta,survey_region,49_-110 ; 49_-111 ; 49_-112 ; 49_-113 ; 49_-114 ; 50_-110 ; 50_-112 ; 50_-113 ; 50_-114 ; 51_-110 ; 51_-111 ; 51_-112 ; 51_-113 ; 51_-114 ; 52_-111 ; 52_-112 ; 52_-113 ; 52_-114 ; 52_-115 ; 53_-110 ; 53_-111 ; 53_-112 ; 53_-113 ; 53_-114 ; 53_-116 ; 54_-110 ; 54_-111 ; 54_-112 ; 54_-113 ; 54_-114 ; 55_-114 ; 55_-119 ; 56_-117 ; 56_-118 ; 59_-111 ; 59_-112,,-4.387139619949565,-7.058408633130719,-6.629148770267346,-6.066812575167912,-5.3032279236508,-3.4251693158448338,-2.327958656992124,-1.839558633675864,-1.2550346985438,-48.97950548769137,-70.29591459669018,-65.99326585062646,-63.94392823007591,-58.202439333823094,-43.454098221326056,-34.364204890118756,-27.34613152196279,-22.83674302122649,5.8033739345869195,0.8598299363608304,0.6991856853333159,165,84.375,36,1,-7:-4 %,Great Horned Owl
2010,2025,British Columbia,survey_region,48_-123 ; 49_-115 ; 49_-116 ; 49_-117 ; 49_-118 ; 49_-119 ; 49_-120 ; 49_-122 ; 49_-123 ; 49_-124 ; 50_-115 ; 50_-117 ; 50_-119 ; 50_-120 ; 50_-121 ; 50_-122 ; 51_-116 ; 51_-120 ; 51_-123 ; 52_-122 ; 52_-125 ; 53_-120 ; 53_-121 ; 53_-122 ; 53_-123 ; 54_-122 ; 54_-123 ; 54_-127 ; 55_-123 ; 56_-121 ; 58_-123 ; 59_-133,,0.24253368601117042,-2.614180256817633,-2.254145823817255,-1.581103124891703,-0.7653773242040196,1.2278721436947748,2.1846432442117036,2.550336967594058,3.1905532955810667,3.700422900471345,-34.15949967829012,-30.426600278172334,-28.8108616108935,-15.844563643055999,14.039352274981386,29.17192209211359,43.55710208101231,57.11948137905687,5.8047335523987,0.5990670814723759,0.6968441651656039,88,36,32,1,-0.5:0.5 %,Great Horned Owl
2010,2025,Manitoba,survey_region,49_-100 ; 49_-95 ; 49_-96 ; 49_-97 ; 49_-98 ; 49_-99 ; 50_-100 ; 50_-95 ; 50_-96 ; 50_-97 ; 50_-98 ; 50_-99 ; 51_-100 ; 51_-101 ; 51_-96 ; 51_-99 ; 52_-101 ; 53_-101 ; 54_-101,,-4.093641269723025,-6.988447163031164,-6.346892909447021,-5.870522323478844,-4.864863554359888,-3.1065322363784564,-2.456041918569518,-1.9848898171020202,-1.704734477081471,-46.57912002170303,-66.71317642004892,-64.3087011511331,-61.40290822724742,-54.035454048116385,-39.40162619981478,-33.656790844769134,-28.314270843010412,-23.354616358658518,5.283712685949693,0.673682966661621,0.5526970604371799,122,53.125,19,1,-7:-4 %,Great Horned Owl
2010,2025,Maritimes,survey_region,43_-65 ; 44_-62 ; 44_-63 ; 44_-64 ; 44_-65 ; 44_-66 ; 45_-60 ; 45_-61 ; 45_-62 ; 45_-63 ; 45_-64 ; 45_-65 ; 45_-66 ; 45_-67 ; 46_-60 ; 46_-62 ; 46_-63 ; 46_-64 ; 46_-65 ; 46_-66 ; 46_-67 ; 47_-64 ; 47_-65 ; 47_-66 ; 47_-67,,-3.2303686503226348,-5.969985868268779,-5.450253720907893,-4.926091156706313,-4.235440987488593,-2.4894895310050735,-1.5193391129245892,-0.892556875607764,-0.5532116828343647,-38.89365626216426,-61.04991968015463,-60.28107180319078,-54.447355376654436,-48.31927325964816,-32.16324711231381,-22.216790417925203,-17.72868206363565,-8.837700786574576,5.416774185434415,0.5896180297497925,0.5569090656514254,145,84.8125,25,1,-4:-2 %,Great Horned Owl
2010,2025,Northwest Territories,survey_region,60_-112 ; 60_-123 ; 61_-121 ; 62_-114,,-0.9052812692282253,-6.808265390990886,-5.563095732211886,-4.304084765290028,-2.9636154715083074,0.7995853086279592,2.870705989432132,3.7109381026229293,4.524813710605113,-12.751566202443087,-68.47850932889874,-68.68971833991131,-58.38521210384644,-44.321619482496864,1.6272108616058656,33.08596966486965,53.746689509762845,81.24866911732663,11.333079101595999,0.6958321741703791,0.34444444444444444,5,2.25,4,1,-1:-0.5 %,Great Horned Owl
2010,2025,Ontario,survey_region,42_-81 ; 44_-76 ; 44_-77 ; 44_-78 ; 44_-79 ; 44_-80 ; 44_-81 ; 45_-76 ; 45_-77 ; 45_-78 ; 45_-79 ; 45_-80 ; 45_-81 ; 45_-82 ; 46_-79 ; 46_-80 ; 46_-81 ; 46_-82 ; 46_-83 ; 46_-84 ; 47_-79 ; 47_-80 ; 47_-82 ; 47_-83 ; 48_-80 ; 48_-81 ; 48_-82 ; 48_-85 ; 48_-88 ; 48_-89 ; 48_-90 ; 48_-91 ; 48_-92 ; 48_-93 ; 48_-94 ; 49_-80 ; 49_-82 ; 49_-85 ; 49_-86 ; 49_-88 ; 49_-91 ; 49_-92 ; 49_-93 ; 49_-94 ; 50_-86 ; 50_-91 ; 50_-92 ; 50_-93 ; 50_-94 ; 51_-93,,-3.1072651150357453,-5.701856162354558,-5.184963544770738,-4.817393448536656,-3.9117938042897427,-2.2211501808723333,-1.5466228495814804,-0.9976460906068074,-0.6682782168096257,-37.717187355001784,-60.549027744331575,-57.32242454259924,-53.92987572788083,-47.10252897147039,-30.87191354268164,-23.09333892569818,-16.679982946289517,-12.380802974528615,5.033577945544932,0.6216707054820937,0.4441752814942584,137,80.625,50,1,-4:-2 %,Great Horned Owl
2010,2025,Quebec,survey_region,45_-71 ; 45_-72 ; 45_-73 ; 45_-74 ; 46_-70 ; 46_-72 ; 46_-74 ; 46_-75 ; 46_-76 ; 46_-78 ; 47_-69 ; 47_-72 ; 48_-64 ; 48_-66 ; 48_-70 ; 48_-72 ; 48_-79 ; 49_-68 ; 50_-65 ; 50_-66,,-4.443107818736792,-7.679265148647185,-7.304023128094084,-6.445833685699687,-5.36132055410774,-3.211893282610767,-2.3556961893244965,-1.945396884942363,-1.307399188265146,-49.42565697145505,-71.74482450368988,-69.6496830056485,-64.90835222334049,-60.829716179682116,-44.048043298096026,-32.785621025313596,-28.412598317295913,-21.877304889798488,6.371865960382039,0.6386892328669533,0.4418664323368236,47,24,20,1,-7:-4 %,Great Horned Owl
2010,2025,Saskatchewan,survey_region,49_-101 ; 49_-102 ; 49_-104 ; 49_-106 ; 49_-108 ; 49_-109 ; 50_-101 ; 50_-103 ; 50_-104 ; 50_-105 ; 50_-106 ; 50_-107 ; 50_-108 ; 51_-104 ; 51_-105 ; 51_-106 ; 51_-107 ; 52_-104 ; 52_-105 ; 52_-106 ; 52_-107 ; 52_-108 ; 53_-105 ; 53_-106 ; 53_-107 ; 53_-108 ; 53_-109 ; 54_-102,,-5.204872610450689,-7.946341564492732,-7.711718210725893,-7.0432390541733785,-6.222855007617911,-4.288731822279845,-3.3310843431903936,-2.911611945805237,-2.1640259752775837,-55.14713201019031,-73.27047939669794,-71.11876259453057,-69.54786196485662,-64.05850328103753,-50.88377086891386,-43.72865071077461,-37.0241172762742,-31.374433783663513,5.782315589215148,0.86748919634414,0.7581637377339293,63,22.9375,28,1,-7:-4 %,Great Horned Owl
2010,2025,Yukon,survey_region,60_-134 ; 60_-135 ; 60_-136 ; 60_-137 ; 61_-136 ; 61_-137 ; 63_-135 ; 63_-136 ; 63_-138,,-5.4576968061051225,-10.850058525859696,-9.945569406815391,-8.720857077051447,-7.099421897283332,-3.815518051510969,-2.309398670931073,-1.3454516183903031,0.1150920499768393,-56.908392328380145,-86.47918839206862,-82.1426941913744,-78.49763318217259,-72.81532480849555,-51.504033289539585,-35.418546696616524,-23.555068735807183,-9.319912152678889,10.965150575836535,1.0568998830926875,1.7780133928571429,15,7.5,9,1,-7:-4 %,Great Horned Owl
2010,2025,survey_wide,survey_wide,42_-81 ; 43_-65 ; 44_-62 ; 44_-63 ; 44_-64 ; 44_-65 ; 44_-66 ; 44_-76 ; 44_-77 ; 44_-78 ; 44_-79 ; 44_-80 ; 44_-81 ; 45_-60 ; 45_-61 ; 45_-62 ; 45_-63 ; 45_-64 ; 45_-65 ; 45_-66 ; 45_-67 ; 45_-71 ; 45_-72 ; 45_-73 ; 45_-74 ; 45_-76 ; 45_-77 ; 45_-78 ; 45_-79 ; 45_-80 ; 45_-81 ; 45_-82 ; 46_-60 ; 46_-62 ; 46_-63 ; 46_-64 ; 46_-65 ; 46_-66 ; 46_-67 ; 46_-70 ; 46_-72 ; 46_-74 ; 46_-75 ; 46_-76 ; 46_-78 ; 46_-79 ; 46_-80 ; 46_-81 ; 46_-82 ; 46_-83 ; 46_-84 ; 47_-64 ; 47_-65 ; 47_-66 ; 47_-67 ; 47_-69 ; 47_-72 ; 47_-79 ; 47_-80 ; 47_-82 ; 47_-83 ; 48_-123 ; 48_-64 ; 48_-66 ; 48_-70 ; 48_-72 ; 48_-79 ; 48_-80 ; 48_-81 ; 48_-82 ; 48_-85 ; 48_-88 ; 48_-89 ; 48_-90 ; 48_-91 ; 48_-92 ; 48_-93 ; 48_-94 ; 49_-100 ; 49_-101 ; 49_-102 ; 49_-104 ; 49_-106 ; 49_-108 ; 49_-109 ; 49_-110 ; 49_-111 ; 49_-112 ; 49_-113 ; 49_-114 ; 49_-115 ; 49_-116 ; 49_-117 ; 49_-118 ; 49_-119 ; 49_-120 ; 49_-122 ; 49_-123 ; 49_-124 ; 49_-68 ; 49_-80 ; 49_-82 ; 49_-85 ; 49_-86 ; 49_-88 ; 49_-91 ; 49_-92 ; 49_-93 ; 49_-94 ; 49_-95 ; 49_-96 ; 49_-97 ; 49_-98 ; 49_-99 ; 50_-100 ; 50_-101 ; 50_-103 ; 50_-104 ; 50_-105 ; 50_-106 ; 50_-107 ; 50_-108 ; 50_-110 ; 50_-112 ; 50_-113 ; 50_-114 ; 50_-115 ; 50_-117 ; 50_-119 ; 50_-120 ; 50_-121 ; 50_-122 ; 50_-65 ; 50_-66 ; 50_-86 ; 50_-91 ; 50_-92 ; 50_-93 ; 50_-94 ; 50_-95 ; 50_-96 ; 50_-97 ; 50_-98 ; 50_-99 ; 51_-100 ; 51_-101 ; 51_-104 ; 51_-105 ; 51_-106 ; 51_-107 ; 51_-110 ; 51_-111 ; 51_-112 ; 51_-113 ; 51_-114 ; 51_-116 ; 51_-120 ; 51_-123 ; 51_-93 ; 51_-96 ; 51_-99 ; 52_-101 ; 52_-104 ; 52_-105 ; 52_-106 ; 52_-107 ; 52_-108 ; 52_-111 ; 52_-112 ; 52_-113 ; 52_-114 ; 52_-115 ; 52_-122 ; 52_-125 ; 53_-101 ; 53_-105 ; 53_-106 ; 53_-107 ; 53_-108 ; 53_-109 ; 53_-110 ; 53_-111 ; 53_-112 ; 53_-113 ; 53_-114 ; 53_-116 ; 53_-120 ; 53_-121 ; 53_-122 ; 53_-123 ; 54_-101 ; 54_-102 ; 54_-110 ; 54_-111 ; 54_-112 ; 54_-113 ; 54_-114 ; 54_-122 ; 54_-123 ; 54_-127 ; 55_-114 ; 55_-119 ; 55_-123 ; 56_-117 ; 56_-118 ; 56_-121 ; 58_-123 ; 59_-111 ; 59_-112 ; 59_-133 ; 60_-112 ; 60_-123 ; 60_-134 ; 60_-135 ; 60_-136 ; 60_-137 ; 61_-121 ; 61_-136 ; 61_-137 ; 62_-114 ; 63_-135 ; 63_-136 ; 63_-138,,-4.012158333895311,-6.060111764383114,-5.728331799810782,-5.291528041837434,-4.501446360418071,-3.1998876646394447,-2.739402971946847,-2.354622625659619,-1.9640038504896484,-45.894253030324926,-63.54133862928175,-60.304560279919926,-57.13195828457206,-52.420610913014066,-41.45277583726711,-35.63858625894375,-32.07728582342156,-28.88702247770255,4.096107913893466,0.7690810355666905,0.615864680468437,787,395.625,223,1,-7:-4 %,Great Horned Owl
2000,2025,Alberta,survey_region,49_-110 ; 49_-111 ; 49_-112 ; 49_-113 ; 49_-114 ; 50_-110 ; 50_-112 ; 50_-113 ; 50_-114 ; 51_-110 ; 51_-111 ; 51_-112 ; 51_-113 ; 51_-114 ; 52_-111 ; 52_-112 ; 52_-113 ; 52_-114 ; 52_-115 ; 53_-110 ; 53_-111 ; 53_-112 ; 53_-113 ; 53_-114 ; 53_-116 ; 54_-110 ; 54_-111 ; 54_-112 ; 54_-113 ; 54_-114 ; 55_-114 ; 55_-119 ; 56_-117 ; 56_-118 ; 59_-111 ; 59_-112,,-2.894559090766519,-4.839325542738915,-4.513550342154438,-4.116115669755416,-3.5531505895126547,-2.250642885431131,-1.6336936358823717,-1.2643539861352582,-0.9530978331757312,-52.016810242881775,-73.29652824225724,-70.78537972454654,-66.7247642713706,-62.89213669793037,-47.34699005440392,-36.405525490247705,-30.773072060421867,-24.653487687604112,3.8862277095631836,0.9109167923163948,0.6652006315637148,165,89.38461538461539,36,1,-4:-2 %,Great Horned Owl
2000,2025,British Columbia,survey_region,48_-123 ; 49_-115 ; 49_-116 ; 49_-117 ; 49_-118 ; 49_-119 ; 49_-120 ; 49_-122 ; 49_-123 ; 49_-124 ; 50_-115 ; 50_-117 ; 50_-119 ; 50_-120 ; 50_-121 ; 50_-122 ; 51_-116 ; 51_-120 ; 51_-123 ; 52_-122 ; 52_-125 ; 53_-120 ; 53_-121 ; 53_-122 ; 53_-123 ; 54_-122 ; 54_-123 ; 54_-127 ; 55_-123 ; 56_-121 ; 58_-123 ; 59_-133,,-0.3036979779260762,-2.0738731831617563,-1.7654195590926403,-1.5370642850037752,-0.9924759325756316,0.3048186296688904,0.8867665187314744,1.3494484591457967,1.6135387920670263,-7.322087871024396,-44.95715307859316,-42.41292514746181,-34.10640952962305,-27.858887726968817,1.4931613132989963,21.778065800593716,29.557383835388418,42.50090975817125,3.6874119752287826,0.5717976392290836,0.6606205254457419,88,42.11538461538461,32,1,-0.5:0.5 %,Great Horned Owl
2000,2025,Manitoba,survey_region,49_-100 ; 49_-95 ; 49_-96 ; 49_-97 ; 49_-98 ; 49_-99 ; 50_-100 ; 50_-95 ; 50_-96 ; 50_-97 ; 50_-98 ; 50_-99 ; 51_-100 ; 51_-101 ; 51_-96 ; 51_-99 ; 52_-101 ; 53_-101 ; 54_-101,,-3.8923534007926475,-5.607734477542148,-5.336957815835985,-4.941662147093306,-4.4314742239527805,-3.3160665319087457,-2.7741953809712006,-2.5729956523253827,-2.286914318847666,-62.93631720699182,-78.24582170674614,-75.64293742764578,-74.2436065669843,-68.94622804122037,-58.244950644841445,-53.355670255847485,-49.25606612103288,-46.315635396389695,3.320820158694482,0.7745400941821715,0.5988224782911638,122,55.34615384615385,19,1,-4:-2 %,Great Horned Owl
2000,2025,Maritimes,survey_region,43_-65 ; 44_-62 ; 44_-63 ; 44_-64 ; 44_-65 ; 44_-66 ; 45_-60 ; 45_-61 ; 45_-62 ; 45_-63 ; 45_-64 ; 45_-65 ; 45_-66 ; 45_-67 ; 46_-60 ; 46_-62 ; 46_-63 ; 46_-64 ; 46_-65 ; 46_-66 ; 46_-67 ; 47_-64 ; 47_-65 ; 47_-66 ; 47_-67,,-3.1784671072847823,-5.119033466235978,-4.729767318533318,-4.368789059383116,-3.9436602285216282,-2.648001398314348,-1.9286980872367465,-1.7326384550069185,-1.3273932992204251,-55.40369730619852,-75.12172624444143,-71.79645954117873,-70.21959170288835,-65.57861866141373,-51.2539341535698,-42.41921117964458,-35.97889877746133,-31.42755625406135,3.7916401670155526,0.6854730860613948,0.6814422245142369,145,90.34615384615384,25,1,-4:-2 %,Great Horned Owl
2000,2025,Northwest Territories,survey_region,60_-112 ; 60_-123 ; 61_-121 ; 62_-114,,-0.7516551129725713,-4.3434173259158,-3.716878262778578,-2.867647900839354,-2.1989545356824847,0.264613382845047,1.8749340543047888,2.340743733827466,2.900903724002224,-17.190182996604374,-77.31784302224783,-68.9921007778065,-62.414906161862426,-50.39460871685758,-3.124958924270116,33.45727151011537,58.86812531290584,78.67128272808284,7.244321049918024,0.6387600386210038,0.2866666666666667,5,2.6538461538461537,4,1,-1:-0.5 %,Great Horned Owl
2000,2025,Ontario,survey_region,42_-81 ; 44_-76 ; 44_-77 ; 44_-78 ; 44_-79 ; 44_-80 ; 44_-81 ; 45_-76 ; 45_-77 ; 45_-78 ; 45_-79 ; 45_-80 ; 45_-81 ; 45_-82 ; 46_-79 ; 46_-80 ; 46_-81 ; 46_-82 ; 46_-83 ; 46_-84 ; 47_-79 ; 47_-80 ; 47_-82 ; 47_-83 ; 48_-80 ; 48_-81 ; 48_-82 ; 48_-85 ; 48_-88 ; 48_-89 ; 48_-90 ; 48_-91 ; 48_-92 ; 48_-93 ; 48_-94 ; 49_-80 ; 49_-82 ; 49_-85 ; 49_-86 ; 49_-88 ; 49_-91 ; 49_-92 ; 49_-93 ; 49_-94 ; 50_-86 ; 50_-91 ; 50_-92 ; 50_-93 ; 50_-94 ; 51_-93,,-3.33653896207759,-5.122812304827384,-4.806374230435917,-4.522062315867514,-3.8027649033261945,-2.685492061991923,-2.3279537356276414,-1.9317788530162638,-1.5773110941727175,-57.188688872979675,-75.56790646237602,-72.51017403102367,-69.02232117823144,-64.52464325997414,-52.08516465718935,-45.21245526739466,-40.450726650056545,-36.1439328780192,3.545501210654667,0.7199630082168751,0.4795925027783362,137,80.26923076923077,50,1,-4:-2 %,Great Horned Owl
2000,2025,Quebec,survey_region,45_-71 ; 45_-72 ; 45_-73 ; 45_-74 ; 46_-70 ; 46_-72 ; 46_-74 ; 46_-75 ; 46_-76 ; 46_-78 ; 47_-69 ; 47_-72 ; 48_-64 ; 48_-66 ; 48_-70 ; 48_-72 ; 48_-79 ; 49_-68 ; 50_-65 ; 50_-66,,-4.0834784081885624,-6.351758922195849,-5.938756300156845,-5.590777575306516,-4.908886771477317,-3.394070890577683,-2.6759417769565252,-2.2032186363431516,-1.9131416073921992,-64.7356796545062,-82.77471249873277,-80.79593201667731,-77.72973658234528,-73.52747209302346,-59.9952041517932,-51.43819940852437,-47.11425212532334,-41.819855002787484,4.43861731480365,0.794433506529427,0.42553771401723084,47,17.423076923076923,20,1,-7:-4 %,Great Horned Owl
2000,2025,Saskatchewan,survey_region,49_-101 ; 49_-102 ; 49_-104 ; 49_-106 ; 49_-108 ; 49_-109 ; 50_-101 ; 50_-103 ; 50_-104 ; 50_-105 ; 50_-106 ; 50_-107 ; 50_-108 ; 51_-104 ; 51_-105 ; 51_-106 ; 51_-107 ; 52_-104 ; 52_-105 ; 52_-106 ; 52_-107 ; 52_-108 ; 53_-105 ; 53_-106 ; 53_-107 ; 53_-108 ; 53_-109 ; 54_-102,,-4.178070573682952,-5.895612140251161,-5.7438269561095545,-5.393935795601812,-4.837862985623342,-3.568835734633913,-2.998069006624837,-2.6482708627434515,-2.2043990634138977,-65.59490319432537,-79.50681364178168,-78.4505251425976,-75.7466226925838,-72.70182826221281,-61.78115692207974,-54.21545872326114,-50.788698499889605,-45.8447544199222,3.691213076837263,0.9959971822019104,0.7780684443303066,63,26.384615384615383,28,1,-7:-4 %,Great Horned Owl
2000,2025,Yukon,survey_region,60_-134 ; 60_-135 ; 60_-136 ; 60_-137 ; 61_-136 ; 61_-137 ; 63_-135 ; 63_-136 ; 63_-138,,-2.9257383912690615,-6.592953715822103,-6.128400949877899,-5.434665341890977,-4.094662895005863,-1.6972280057673705,-0.7596843563017708,-0.01271383291641115,0.9390686553029326,-52.40049944088765,-85.901884775033,-84.58279750687964,-79.42426313283909,-71.95039003041764,-44.63030689536714,-24.941218926454212,-9.050841535400867,15.36178288137151,7.532022371125036,1.0369417872360083,1.5169032356532357,15,7.5,9,1,-4:-2 %,Great Horned Owl
2000,2025,survey_wide,survey_wide,42_-81 ; 43_-65 ; 44_-62 ; 44_-63 ; 44_-64 ; 44_-65 ; 44_-66 ; 44_-76 ; 44_-77 ; 44_-78 ; 44_-79 ; 44_-80 ; 44_-81 ; 45_-60 ; 45_-61 ; 45_-62 ; 45_-63 ; 45_-64 ; 45_-65 ; 45_-66 ; 45_-67 ; 45_-71 ; 45_-72 ; 45_-73 ; 45_-74 ; 45_-76 ; 45_-77 ; 45_-78 ; 45_-79 ; 45_-80 ; 45_-81 ; 45_-82 ; 46_-60 ; 46_-62 ; 46_-63 ; 46_-64 ; 46_-65 ; 46_-66 ; 46_-67 ; 46_-70 ; 46_-72 ; 46_-74 ; 46_-75 ; 46_-76 ; 46_-78 ; 46_-79 ; 46_-80 ; 46_-81 ; 46_-82 ; 46_-83 ; 46_-84 ; 47_-64 ; 47_-65 ; 47_-66 ; 47_-67 ; 47_-69 ; 47_-72 ; 47_-79 ; 47_-80 ; 47_-82 ; 47_-83 ; 48_-123 ; 48_-64 ; 48_-66 ; 48_-70 ; 48_-72 ; 48_-79 ; 48_-80 ; 48_-81 ; 48_-82 ; 48_-85 ; 48_-88 ; 48_-89 ; 48_-90 ; 48_-91 ; 48_-92 ; 48_-93 ; 48_-94 ; 49_-100 ; 49_-101 ; 49_-102 ; 49_-104 ; 49_-106 ; 49_-108 ; 49_-109 ; 49_-110 ; 49_-111 ; 49_-112 ; 49_-113 ; 49_-114 ; 49_-115 ; 49_-116 ; 49_-117 ; 49_-118 ; 49_-119 ; 49_-120 ; 49_-122 ; 49_-123 ; 49_-124 ; 49_-68 ; 49_-80 ; 49_-82 ; 49_-85 ; 49_-86 ; 49_-88 ; 49_-91 ; 49_-92 ; 49_-93 ; 49_-94 ; 49_-95 ; 49_-96 ; 49_-97 ; 49_-98 ; 49_-99 ; 50_-100 ; 50_-101 ; 50_-103 ; 50_-104 ; 50_-105 ; 50_-106 ; 50_-107 ; 50_-108 ; 50_-110 ; 50_-112 ; 50_-113 ; 50_-114 ; 50_-115 ; 50_-117 ; 50_-119 ; 50_-120 ; 50_-121 ; 50_-122 ; 50_-65 ; 50_-66 ; 50_-86 ; 50_-91 ; 50_-92 ; 50_-93 ; 50_-94 ; 50_-95 ; 50_-96 ; 50_-97 ; 50_-98 ; 50_-99 ; 51_-100 ; 51_-101 ; 51_-104 ; 51_-105 ; 51_-106 ; 51_-107 ; 51_-110 ; 51_-111 ; 51_-112 ; 51_-113 ; 51_-114 ; 51_-116 ; 51_-120 ; 51_-123 ; 51_-93 ; 51_-96 ; 51_-99 ; 52_-101 ; 52_-104 ; 52_-105 ; 52_-106 ; 52_-107 ; 52_-108 ; 52_-111 ; 52_-112 ; 52_-113 ; 52_-114 ; 52_-115 ; 52_-122 ; 52_-125 ; 53_-101 ; 53_-105 ; 53_-106 ; 53_-107 ; 53_-108 ; 53_-109 ; 53_-110 ; 53_-111 ; 53_-112 ; 53_-113 ; 53_-114 ; 53_-116 ; 53_-120 ; 53_-121 ; 53_-122 ; 53_-123 ; 54_-101 ; 54_-102 ; 54_-110 ; 54_-111 ; 54_-112 ; 54_-113 ; 54_-114 ; 54_-122 ; 54_-123 ; 54_-127 ; 55_-114 ; 55_-119 ; 55_-123 ; 56_-117 ; 56_-118 ; 56_-121 ; 58_-123 ; 59_-111 ; 59_-112 ; 59_-133 ; 60_-112 ; 60_-123 ; 60_-134 ; 60_-135 ; 60_-136 ; 60_-137 ; 61_-121 ; 61_-136 ; 61_-137 ; 62_-114 ; 63_-135 ; 63_-136 ; 63_-138,,-3.2818631083277037,-4.623808138969965,-4.397080242016626,-4.133675336671539,-3.716825909597221,-2.8294325136522747,-2.4091409836269007,-2.119374593866996,-1.8503694288954375,-56.57917694789483,-71.32557022990689,-69.31129898798432,-66.03396079192684,-61.76320231269479,-51.866193375407676,-46.87693896498806,-43.547591090024504,-40.373664083344295,2.7734387100745272,0.8492490834083435,0.6282723410820532,787,411.4230769230769,223,1,-4:-2 %,Great Horned Owl
2010,2025,Manitoba,survey_region,50_-99,,-0.5879713874472281,-7.537062007367279,-6.142330866764157,-4.819825524421139,-2.805569193048818,1.8019269127181214,3.940901700488064,5.2413319579795115,6.18199965281605,-8.46566213288803,-80.67711217659351,-73.16584136595627,-65.72388347228545,-47.42260406001627,10.10419938439313,49.84858291523082,82.06191298908992,113.58942256663802,13.719061660183328,1.4451853671875,0.6,1,0.625,1,1,-1:-0.5 %,American Woodcock
2010,2025,Maritimes,survey_region,44_-63 ; 45_-61 ; 45_-62 ; 45_-66 ; 45_-67 ; 46_-64 ; 46_-65,,4.4829781896155385,-1.6886909551658058,-1.0138274372072598,0.555295012802226,2.010682710065037,6.391679251654092,8.87356946728568,9.812023058756614,11.323563082811017,93.05594334073976,-41.611078911854015,-33.71394336405822,-18.321480282031633,15.8423990012321,125.33096222683153,204.55850164105414,265.3471824190274,334.99325519432676,13.012254037976822,0.9918672654158113,0.19430272108843538,9,6.0625,7,1,4:7 %,American Woodcock
2010,2025,Ontario,survey_region,44_-75 ; 44_-76 ; 44_-77 ; 44_-78 ; 44_-79 ; 44_-80 ; 44_-81 ; 45_-75 ; 45_-76 ; 45_-77 ; 45_-78 ; 45_-79 ; 45_-80 ; 45_-81 ; 45_-82 ; 46_-79 ; 46_-80 ; 46_-81 ; 46_-82 ; 46_-83 ; 46_-84 ; 47_-79 ; 47_-80 ; 47_-82 ; 47_-83 ; 47_-84 ; 48_-80 ; 48_-81 ; 48_-82 ; 48_-85 ; 48_-86 ; 48_-88 ; 48_-89 ; 48_-90 ; 48_-91 ; 48_-92 ; 48_-93 ; 48_-94 ; 49_-80 ; 49_-82 ; 49_-86 ; 49_-88 ; 49_-90 ; 49_-92 ; 49_-93 ; 49_-94 ; 50_-89 ; 50_-91 ; 50_-92 ; 50_-93 ; 50_-94 ; 51_-93,,-0.5910160099514172,-2.231038074273528,-2.10434223008229,-1.8016342729573087,-1.2079978618219966,0.09730561679011096,0.5823743317381114,0.979259664754828,1.4736220688226442,-8.507703777423137,-32.01681630284058,-28.37246385055715,-24.616206275818342,-20.352151858622015,-2.581821741800916,8.285728194808684,14.352689532428897,20.61290707962309,3.7046601430961723,1.3490059565245187,2.1875882287503656,251,140.125,52,1,-1:-0.5 %,American Woodcock
2010,2025,Quebec,survey_region,45_-70 ; 45_-71 ; 45_-72 ; 45_-74 ; 46_-75 ; 46_-76 ; 46_-78 ; 47_-70 ; 47_-72 ; 47_-76 ; 48_-67 ; 48_-79,,0.6015400387805903,-2.4558097269677726,-2.0283161409848427,-1.4707886184895602,-0.5276797811890943,1.6343501311809172,2.76396145343234,3.363603576736951,3.998797712161095,9.41312854759162,-37.11729084799777,-29.662109037140063,-26.46254658203776,-10.827779788172487,23.8223300888156,41.08105771549848,58.574809026760065,69.84348391240263,6.454607439128868,1.2272163877778057,0.7001612103174603,18,9.3125,12,1,0.5:1 %,American Woodcock
2010,2025,survey_wide,survey_wide,44_-63 ; 44_-75 ; 44_-76 ; 44_-77 ; 44_-78 ; 44_-79 ; 44_-80 ; 44_-81 ; 45_-61 ; 45_-62 ; 45_-66 ; 45_-67 ; 45_-70 ; 45_-71 ; 45_-72 ; 45_-74 ; 45_-75 ; 45_-76 ; 45_-77 ; 45_-78 ; 45_-79 ; 45_-80 ; 45_-81 ; 45_-82 ; 46_-64 ; 46_-65 ; 46_-75 ; 46_-76 ; 46_-78 ; 46_-79 ; 46_-80 ; 46_-81 ; 46_-82 ; 46_-83 ; 46_-84 ; 47_-70 ; 47_-72 ; 47_-76 ; 47_-79 ; 47_-80 ; 47_-82 ; 47_-83 ; 47_-84 ; 48_-67 ; 48_-79 ; 48_-80 ; 48_-81 ; 48_-82 ; 48_-85 ; 48_-86 ; 48_-88 ; 48_-89 ; 48_-90 ; 48_-91 ; 48_-92 ; 48_-93 ; 48_-94 ; 49_-80 ; 49_-82 ; 49_-86 ; 49_-88 ; 49_-90 ; 49_-92 ; 49_-93 ; 49_-94 ; 50_-89 ; 50_-91 ; 50_-92 ; 50_-93 ; 50_-94 ; 50_-99 ; 51_-93,,0.07180414413628933,-2.067769237156525,-1.5532420784714285,-1.2990181269015855,-0.7089736110833855,0.6911087153322892,1.3762304872016795,1.8809136140873095,2.089122388544329,1.0824926992290873,-27.427853836379036,-22.81666281989333,-18.950336242205523,-11.76492465709793,8.978051546031507,21.309736130824163,29.48624850943251,35.784157809006146,4.156891625700854,1.283487090806107,1.8533580705710364,279,156.125,72,1,-0.5:0.5 %,American Woodcock
2001,2025,Manitoba,survey_region,50_-99,,2.071334646975165,-4.239392132161701,-3.088834659602391,-1.814951262328801,0.29932699409134234,4.663939600654254,6.553679598448503,7.63140126513997,8.691059485126228,63.565252059099905,-85.01078536143947,-79.61662816335028,-74.52723496874776,-52.41266553553798,79.33380626243817,221.63276415200735,355.105073147148,498.9833822128097,12.930451617287929,1.4206943178,0.6666666666666666,1,0.6,1,1,2:4 %,American Woodcock
2001,2025,Maritimes,survey_region,44_-63 ; 45_-61 ; 45_-62 ; 45_-66 ; 45_-67 ; 46_-64 ; 46_-65,,-1.8406302545266706,-5.96374096641582,-5.163801389134049,-4.5637565079384546,-3.044803899750792,-0.2668632928131798,0.7231436579302253,1.5896762923428565,1.9712603801925965,-35.97312990557746,-83.75615578462518,-79.8053525432146,-77.79555773182213,-67.10360124118947,-26.94636915528992,-0.44236725709349,25.831520734171786,44.92225027765926,7.935001346608416,1.1490963858980472,0.21506211180124224,9,6.72,7,1,-2:-1 %,American Woodcock
2001,2025,Ontario,survey_region,44_-75 ; 44_-76 ; 44_-77 ; 44_-78 ; 44_-79 ; 44_-80 ; 44_-81 ; 45_-75 ; 45_-76 ; 45_-77 ; 45_-78 ; 45_-79 ; 45_-80 ; 45_-81 ; 45_-82 ; 46_-79 ; 46_-80 ; 46_-81 ; 46_-82 ; 46_-83 ; 46_-84 ; 47_-79 ; 47_-80 ; 47_-82 ; 47_-83 ; 47_-84 ; 48_-80 ; 48_-81 ; 48_-82 ; 48_-85 ; 48_-86 ; 48_-88 ; 48_-89 ; 48_-90 ; 48_-91 ; 48_-92 ; 48_-93 ; 48_-94 ; 49_-80 ; 49_-82 ; 49_-86 ; 49_-88 ; 49_-90 ; 49_-92 ; 49_-93 ; 49_-94 ; 50_-89 ; 50_-91 ; 50_-92 ; 50_-93 ; 50_-94 ; 51_-93,,0.45515815299567164,-0.7109199639527386,-0.5254769732195741,-0.32632058777619655,0.021421123341447412,0.8217943901100533,1.2154329191202962,1.4385507116861929,1.637871191687168,11.515131712871662,-17.29210282277418,-12.279680042707753,-9.899357545735732,-0.3506758171739177,20.75807241447105,30.929868748048662,40.43839661591881,45.97708876205182,2.3487911556399066,1.4277077357577552,2.1782770282626114,251,136.44,52,1,-0.5:0.5 %,American Woodcock
2001,2025,Quebec,survey_region,45_-70 ; 45_-71 ; 45_-72 ; 45_-74 ; 46_-75 ; 46_-76 ; 46_-78 ; 47_-70 ; 47_-72 ; 47_-76 ; 48_-67 ; 48_-79,,-0.9305768485261934,-3.8176284447069553,-3.1790334981046664,-2.47156219379725,-1.6312342226661447,0.15281515764793419,0.95624793321758,1.163945033349978,1.4119108733481545,-20.099181469804584,-64.94355933558894,-57.97653650325248,-53.36316128675129,-42.65410117661146,-8.994528004335011,11.04535730735483,25.363702553748666,33.69785428256746,5.22953931805511,1.3655573108703696,0.8103023088023088,18,9.6,12,1,-1:-0.5 %,American Woodcock
2001,2025,survey_wide,survey_wide,44_-63 ; 44_-75 ; 44_-76 ; 44_-77 ; 44_-78 ; 44_-79 ; 44_-80 ; 44_-81 ; 45_-61 ; 45_-62 ; 45_-66 ; 45_-67 ; 45_-70 ; 45_-71 ; 45_-72 ; 45_-74 ; 45_-75 ; 45_-76 ; 45_-77 ; 45_-78 ; 45_-79 ; 45_-80 ; 45_-81 ; 45_-82 ; 46_-64 ; 46_-65 ; 46_-75 ; 46_-76 ; 46_-78 ; 46_-79 ; 46_-80 ; 46_-81 ; 46_-82 ; 46_-83 ; 46_-84 ; 47_-70 ; 47_-72 ; 47_-76 ; 47_-79 ; 47_-80 ; 47_-82 ; 47_-83 ; 47_-84 ; 48_-67 ; 48_-79 ; 48_-80 ; 48_-81 ; 48_-82 ; 48_-85 ; 48_-86 ; 48_-88 ; 48_-89 ; 48_-90 ; 48_-91 ; 48_-92 ; 48_-93 ; 48_-94 ; 49_-80 ; 49_-82 ; 49_-86 ; 49_-88 ; 49_-90 ; 49_-92 ; 49_-93 ; 49_-94 ; 50_-89 ; 50_-91 ; 50_-92 ; 50_-93 ; 50_-94 ; 50_-99 ; 51_-93,,-0.2839941707527216,-1.9862185566065005,-1.6628737894595624,-1.3859278012775311,-0.7974386690519863,0.2906386836354802,0.720562927766899,1.0313814215961337,1.261124248516965,-6.5978262810011845,-42.04975918338133,-38.42086493552736,-31.788261801643024,-18.87061157108064,5.634441571140036,14.448609330791973,21.485715831380368,29.807269199583764,3.2473428051234654,1.3906556350398571,1.8267796782327166,279,153.36,72,1,-0.5:0.5 %,American Woodcock
2010,2025,Alberta,survey_region,49_-114 ; 50_-114 ; 51_-114 ; 51_-115 ; 53_-113 ; 53_-114 ; 54_-110 ; 54_-111 ; 54_-113 ; 55_-114 ; 55_-119 ; 56_-116 ; 56_-117,,-2.343037304415385,-8.061920247633092,-7.438506672562739,-6.29879506909089,-4.167502405816592,-0.013902200730686598,1.6972396655662525,3.029740807633585,4.590348102295327,-29.927405763576164,-77.81561135996331,-76.67850876673319,-71.51902701999946,-61.23876202508378,-21.092731612065975,10.874193095114236,37.17015516579676,67.35399087338149,12.65226834992842,0.4815199679030351,0.6775426887926888,30,16.8125,13,1,-4:-2 %,Boreal Owl
2010,2025,British Columbia,survey_region,49_-117 ; 49_-119 ; 50_-115 ; 50_-119 ; 51_-120 ; 53_-121 ; 53_-122 ; 53_-123 ; 54_-123 ; 54_-127 ; 55_-123 ; 58_-123,,-3.0083842917218773,-8.854845013299395,-8.172485124850281,-6.922471017373444,-5.5938834469735355,-1.3567879086759937,1.2774140859663774,2.4354510340708346,3.997515776790639,-36.75693435800842,-82.1788260658309,-80.78506716089552,-75.1112081025384,-63.50263338871229,-26.023529701008442,0.27224633869324943,23.413650862465364,52.72119050497031,12.852360790090033,0.5237591278711208,0.9012251984126984,18,7.125,12,1,-4:-2 %,Boreal Owl
2010,2025,Manitoba,survey_region,49_-95 ; 49_-96 ; 50_-95 ; 50_-96 ; 51_-96 ; 54_-101 ; 55_-97,,-4.1848097213496525,-7.813081499364394,-7.263801610428056,-7.036515307284564,-5.486825698951492,-2.805199539764869,-1.8204191139671089,-0.5307650907292571,0.20020152085871157,-47.33579933288481,-74.89591522022211,-72.23890719136496,-70.12063592789744,-62.69263446866377,-41.62128562531483,-28.223387714746938,-16.368243511045577,-6.429653692340665,8.013283020223106,0.5319201266955642,0.8335367063492063,40,18.75,7,1,-7:-4 %,Boreal Owl
2010,2025,Maritimes,survey_region,44_-63 ; 45_-61 ; 45_-63 ; 45_-64 ; 45_-65 ; 45_-66 ; 45_-67 ; 46_-62 ; 46_-63 ; 46_-64 ; 46_-65 ; 46_-66 ; 46_-67 ; 47_-65,,-0.7028550483488993,-9.076755356351851,-7.4501509942291655,-6.190785497396467,-2.6929979817073235,1.97349405792695,3.3250179382104728,4.911940437392692,6.092277039537852,-10.039590459880799,-87.38180072603863,-87.38180072603863,-71.81041613856989,-48.15170605495502,14.625294121214761,45.91369103230092,67.66710300678791,100.99473144958355,15.169032395889705,0.390046818375,0.21613984973359973,28,18.875,14,1,-1:-0.5 %,Boreal Owl
2010,2025,Ontario,survey_region,44_-76 ; 44_-78 ; 44_-79 ; 45_-76 ; 45_-77 ; 45_-79 ; 45_-80 ; 45_-82 ; 46_-79 ; 46_-80 ; 46_-82 ; 46_-83 ; 46_-84 ; 47_-79 ; 47_-80 ; 47_-82 ; 47_-83 ; 48_-80 ; 48_-81 ; 48_-82 ; 48_-85 ; 48_-88 ; 48_-89 ; 48_-90 ; 48_-91 ; 48_-92 ; 48_-93 ; 48_-94 ; 49_-80 ; 49_-82 ; 49_-85 ; 49_-86 ; 49_-88 ; 49_-90 ; 49_-91 ; 49_-92 ; 49_-93 ; 49_-94 ; 50_-86 ; 50_-89 ; 50_-91 ; 50_-92 ; 50_-93 ; 50_-94 ; 51_-89 ; 51_-93 ; 52_-91,,-7.415723023222342,-10.804445040229227,-10.192590094252408,-9.893080730010329,-8.758704031535203,-6.520668316001532,-5.433760855327274,-4.467711601622315,-3.798400732799634,-68.51826994255485,-84.4744096635505,-81.66614325422927,-80.05766553472444,-75.71445502937138,-64.6604788395524,-58.07015473503506,-52.30727604791876,-48.28716061768209,7.006044307429594,0.7009438023800811,0.7178595696403106,109,56.875,47,1,< -7 %,Boreal Owl
2010,2025,Quebec,survey_region,46_-78 ; 48_-79 ; 49_-68 ; 50_-65 ; 50_-66,,-4.439700983206107,-11.866940747421605,-10.56037931656546,-9.148480777732814,-6.28388927557123,-1.389017352399169,0.3600659171150822,1.7042694988348428,2.9057577270964696,-49.3985992847722,-93.00031138083993,-90.29826565436703,-87.83140496880215,-78.67563552114515,-42.804277478153786,-17.668909009886136,4.3768004891303836,26.44774710122646,14.772698474518075,0.4987876039211427,0.546875,6,3.5625,5,1,-7:-4 %,Boreal Owl
2010,2025,Saskatchewan,survey_region,51_-102 ; 53_-105 ; 54_-102 ; 54_-106,,-4.481096005302254,-11.152220411246173,-9.745747586590914,-9.013993549409815,-7.046213434007342,-2.5954597344154284,-0.5250405489679144,1.3634507445722033,2.0970607339948266,-49.72640299706773,-86.6720140185845,-85.3224053434881,-80.10754259157291,-74.3563122173439,-43.68674102452946,-16.225568482507757,2.908547956625407,27.375025166103796,13.249281145241,0.5847195467203492,1.0384615384615385,4,1.375,4,1,-7:-4 %,Boreal Owl
2010,2025,Yukon,survey_region,60_-134 ; 60_-135 ; 60_-136 ; 60_-137 ; 61_-136 ; 63_-135 ; 63_-136,,-4.6225110760022,-11.872265311783782,-10.437444713386812,-8.927992801836737,-6.86684628575337,-2.5690379068369573,-0.25423957532728636,1.237145462211231,2.8236870745212084,-50.83135208993581,-93.71791273379935,-88.76318635155403,-81.92819849226707,-74.76952400643646,-44.030684657970085,-16.84461292138589,1.8551023735759342,24.84222208915552,14.69595238630499,0.5944219859683287,1.727281746031746,12,4.9375,7,1,-7:-4 %,Boreal Owl
2010,2025,survey_wide,survey_wide,44_-63 ; 44_-76 ; 44_-78 ; 44_-79 ; 45_-61 ; 45_-63 ; 45_-64 ; 45_-65 ; 45_-66 ; 45_-67 ; 45_-76 ; 45_-77 ; 45_-79 ; 45_-80 ; 45_-82 ; 46_-62 ; 46_-63 ; 46_-64 ; 46_-65 ; 46_-66 ; 46_-67 ; 46_-78 ; 46_-79 ; 46_-80 ; 46_-82 ; 46_-83 ; 46_-84 ; 47_-65 ; 47_-79 ; 47_-80 ; 47_-82 ; 47_-83 ; 48_-79 ; 48_-80 ; 48_-81 ; 48_-82 ; 48_-85 ; 48_-88 ; 48_-89 ; 48_-90 ; 48_-91 ; 48_-92 ; 48_-93 ; 48_-94 ; 49_-114 ; 49_-117 ; 49_-119 ; 49_-68 ; 49_-80 ; 49_-82 ; 49_-85 ; 49_-86 ; 49_-88 ; 49_-90 ; 49_-91 ; 49_-92 ; 49_-93 ; 49_-94 ; 49_-95 ; 49_-96 ; 50_-114 ; 50_-115 ; 50_-119 ; 50_-65 ; 50_-66 ; 50_-86 ; 50_-89 ; 50_-91 ; 50_-92 ; 50_-93 ; 50_-94 ; 50_-95 ; 50_-96 ; 51_-102 ; 51_-114 ; 51_-115 ; 51_-120 ; 51_-89 ; 51_-93 ; 51_-96 ; 52_-91 ; 53_-105 ; 53_-113 ; 53_-114 ; 53_-121 ; 53_-122 ; 53_-123 ; 54_-101 ; 54_-102 ; 54_-106 ; 54_-110 ; 54_-111 ; 54_-113 ; 54_-123 ; 54_-127 ; 55_-114 ; 55_-119 ; 55_-123 ; 55_-97 ; 56_-116 ; 56_-117 ; 58_-123 ; 60_-134 ; 60_-135 ; 60_-136 ; 60_-137 ; 61_-136 ; 63_-135 ; 63_-136,,-5.056890842938271,-9.107634136746945,-8.23491253761659,-7.502250736791316,-6.270572834175292,-3.7614096320980006,-2.5044892511917216,-1.5835526215407292,-0.7841126061350123,-54.0853005713072,-78.55974636078997,-76.12677346201163,-71.95962603141639,-65.61711192720341,-48.3039541095753,-35.818164522476295,-27.542659071646913,-15.37966985455097,8.323521530611933,0.6029605784921387,0.7063592863349719,247,128.3125,109,1,-7:-4 %,Boreal Owl
2000,2025,Alberta,survey_region,49_-114 ; 50_-114 ; 51_-114 ; 51_-115 ; 53_-113 ; 53_-114 ; 54_-110 ; 54_-111 ; 54_-113 ; 55_-114 ; 55_-119 ; 56_-116 ; 56_-117,,1.1884416552426336,-4.115915037901519,-3.449735543935062,-2.5215618154688646,-0.8948771875405659,2.8006831846252744,4.759283409240989,5.869593211932944,7.288969321822902,34.36083411881916,-80.26099429188294,-76.68860754143739,-74.23021748522834,-48.005393031323464,53.133094912336134,145.37717821110067,245.0582790983971,344.00834373441825,11.40488435972442,0.4794379736276626,0.6615827648782194,30,16.346153846153847,13,1,1:2 %,Boreal Owl
2000,2025,British Columbia,survey_region,49_-117 ; 49_-119 ; 50_-115 ; 50_-119 ; 51_-120 ; 53_-121 ; 53_-122 ; 53_-123 ; 54_-123 ; 54_-127 ; 55_-123 ; 58_-123,,0.4041480333784597,-4.962851518637712,-3.991218471665947,-2.9205841550211775,-1.2796396418490952,2.090801870271064,3.627984853954147,4.552828948640797,5.2967297282738635,10.6092337866863,-79.29080805863033,-78.8279017901575,-72.25850160452497,-52.55169430079803,26.954191287323326,97.24875384752443,159.67341232907484,239.63111195573714,10.259581246911576,0.5303604336005244,0.8702981277981278,18,9.5,12,1,-0.5:0.5 %,Boreal Owl
2000,2025,Manitoba,survey_region,49_-95 ; 49_-96 ; 50_-95 ; 50_-96 ; 51_-96 ; 54_-101 ; 55_-97,,-3.7628893064766578,-6.4880522759798716,-6.026172109557171,-5.645194445765089,-4.928323101950549,-3.022506372487299,-2.037570545067091,-1.4679981611158466,-0.9601449458988998,-61.66774267267389,-83.66565643349098,-81.60818040242957,-78.80188615831982,-74.00053390103606,-56.568343294920794,-44.02282814499525,-34.95600413792987,-26.019618012687438,5.527907330080971,0.6657033183817304,0.8815567765567766,40,18.53846153846154,7,1,-4:-2 %,Boreal Owl
2000,2025,Maritimes,survey_region,44_-63 ; 45_-61 ; 45_-63 ; 45_-64 ; 45_-65 ; 45_-66 ; 45_-67 ; 46_-62 ; 46_-63 ; 46_-64 ; 46_-65 ; 46_-66 ; 46_-67 ; 47_-65,,-5.529836567479268,-10.594748707362944,-9.670886335964667,-8.408795663177104,-6.726997525404544,-3.7168628652798463,-2.4490487536472982,-1.828015336616895,-1.2423524602913738,-75.8805905403674,-97.02367932201193,-96.25394882366048,-95.43155187435924,-89.04808132214835,-70.70245990592305,-60.16043948793784,-49.958309595162355,-39.798450762818206,9.352396247071571,0.5286433208928571,0.28496253746253747,28,19.153846153846153,14,1,-7:-4 %,Boreal Owl
2000,2025,Ontario,survey_region,44_-76 ; 44_-78 ; 44_-79 ; 45_-76 ; 45_-77 ; 45_-79 ; 45_-80 ; 45_-82 ; 46_-79 ; 46_-80 ; 46_-82 ; 46_-83 ; 46_-84 ; 47_-79 ; 47_-80 ; 47_-82 ; 47_-83 ; 48_-80 ; 48_-81 ; 48_-82 ; 48_-85 ; 48_-88 ; 48_-89 ; 48_-90 ; 48_-91 ; 48_-92 ; 48_-93 ; 48_-94 ; 49_-80 ; 49_-82 ; 49_-85 ; 49_-86 ; 49_-88 ; 49_-90 ; 49_-91 ; 49_-92 ; 49_-93 ; 49_-94 ; 50_-86 ; 50_-89 ; 50_-91 ; 50_-92 ; 50_-93 ; 50_-94 ; 51_-89 ; 51_-93 ; 52_-91,,-6.235776301456619,-8.765516073745028,-8.316158026589948,-7.927544694443056,-7.278787564751987,-5.564985951246449,-4.624757852368832,-4.0309479731151505,-3.510914777420193,-80.00464780685692,-91.94509426088587,-90.40598844579527,-88.58909477268372,-85.56054639912767,-76.86703246377392,-71.30722041537798,-67.76682825767224,-63.747892508161875,5.254601296324834,1.0464094910949922,0.9674794682165925,109,57.38461538461539,47,1,-7:-4 %,Boreal Owl
2000,2025,Quebec,survey_region,46_-78 ; 48_-79 ; 49_-68 ; 50_-65 ; 50_-66,,-5.213627938496057,-10.474141425051908,-9.466392949767332,-8.628280089109907,-7.078607571334361,-3.5514881052865266,-1.8368287794016558,-0.6765568713405945,0.08310001888167662,-73.7791041179479,-97.6521680712182,-97.6521680712182,-95.30262171439932,-90.76607909618987,-69.86145110610317,-52.05970059507212,-38.165873840986094,-19.987891402255432,10.557241443933584,0.6650622752672274,0.91,6,3,5,1,-7:-4 %,Boreal Owl
2000,2025,Saskatchewan,survey_region,51_-102 ; 53_-105 ; 54_-102 ; 54_-106,,-1.8121024383563056,-7.263505491594124,-6.461486363431024,-5.1988366646705035,-3.648342477423716,-0.062445778035169486,1.5879474099782964,2.7888435971439973,3.5196184461942837,-36.6933954093038,-90.90651751538718,-90.14358895570665,-85.14187811185784,-77.17979884494099,-28.551399787262454,17.77528515925024,53.953369343461844,102.0247674991428,10.783123937788407,0.6441113734711676,1.0317460317460316,4,1.6538461538461537,4,1,-2:-1 %,Boreal Owl
2000,2025,Yukon,survey_region,60_-134 ; 60_-135 ; 60_-136 ; 60_-137 ; 61_-136 ; 63_-135 ; 63_-136,,-1.907441122364495,-8.075036128786284,-7.5746576607135125,-5.838113599194084,-4.414761211430296,-0.11495023225747136,2.5499697849406644,3.4633212863266705,5.385255947135925,-38.212361503366765,-97.02850799927363,-93.4434703990289,-93.19067577973821,-87.27115827812287,-34.507371986805765,25.586425130795142,86.2761713654417,164.56024282956037,13.460292075922208,0.6393476489632585,1.5934981684981686,12,5.269230769230769,7,1,-2:-1 %,Boreal Owl
2000,2025,survey_wide,survey_wide,44_-63 ; 44_-76 ; 44_-78 ; 44_-79 ; 45_-61 ; 45_-63 ; 45_-64 ; 45_-65 ; 45_-66 ; 45_-67 ; 45_-76 ; 45_-77 ; 45_-79 ; 45_-80 ; 45_-82 ; 46_-62 ; 46_-63 ; 46_-64 ; 46_-65 ; 46_-66 ; 46_-67 ; 46_-78 ; 46_-79 ; 46_-80 ; 46_-82 ; 46_-83 ; 46_-84 ; 47_-65 ; 47_-79 ; 47_-80 ; 47_-82 ; 47_-83 ; 48_-79 ; 48_-80 ; 48_-81 ; 48_-82 ; 48_-85 ; 48_-88 ; 48_-89 ; 48_-90 ; 48_-91 ; 48_-92 ; 48_-93 ; 48_-94 ; 49_-114 ; 49_-117 ; 49_-119 ; 49_-68 ; 49_-80 ; 49_-82 ; 49_-85 ; 49_-86 ; 49_-88 ; 49_-90 ; 49_-91 ; 49_-92 ; 49_-93 ; 49_-94 ; 49_-95 ; 49_-96 ; 50_-114 ; 50_-115 ; 50_-119 ; 50_-65 ; 50_-66 ; 50_-86 ; 50_-89 ; 50_-91 ; 50_-92 ; 50_-93 ; 50_-94 ; 50_-95 ; 50_-96 ; 51_-102 ; 51_-114 ; 51_-115 ; 51_-120 ; 51_-89 ; 51_-93 ; 51_-96 ; 52_-91 ; 53_-105 ; 53_-113 ; 53_-114 ; 53_-121 ; 53_-122 ; 53_-123 ; 54_-101 ; 54_-102 ; 54_-106 ; 54_-110 ; 54_-111 ; 54_-113 ; 54_-123 ; 54_-127 ; 55_-114 ; 55_-119 ; 55_-123 ; 55_-97 ; 56_-116 ; 56_-117 ; 58_-123 ; 60_-134 ; 60_-135 ; 60_-136 ; 60_-137 ; 61_-136 ; 63_-135 ; 63_-136,,-3.640496463056886,-6.678588479393288,-6.332893198937207,-5.523128297437674,-4.825296960883718,-2.771409894263377,-1.516506195896783,-1.0604885352699656,-0.3033930875765867,-60.430200934056046,-85.39716290718854,-83.49712115064709,-80.87796502755423,-74.64588068660976,-55.33840954118483,-40.61835090389362,-29.23620773114316,-16.51902267232207,6.3751953918167015,0.7301999466590601,0.8464159987194256,247,130.84615384615384,109,1,-4:-2 %,Boreal Owl
2010,2025,Alberta,survey_region,49_-110 ; 49_-111 ; 49_-112 ; 49_-113 ; 49_-114 ; 50_-110 ; 50_-111 ; 50_-112 ; 50_-113 ; 50_-114 ; 51_-110 ; 51_-111 ; 51_-112 ; 51_-113 ; 51_-114 ; 51_-115 ; 52_-110 ; 52_-111 ; 52_-112 ; 52_-113 ; 52_-114 ; 52_-115 ; 52_-117 ; 53_-110 ; 53_-111 ; 53_-112 ; 53_-113 ; 53_-114 ; 53_-115 ; 53_-117 ; 53_-118 ; 53_-119 ; 54_-110 ; 54_-111 ; 54_-112 ; 54_-113 ; 54_-114 ; 54_-115 ; 54_-116 ; 54_-117 ; 54_-118 ; 55_-113 ; 55_-114 ; 55_-118 ; 55_-119 ; 56_-117 ; 59_-111 ; 59_-112,,-1.3700802142674717,-3.7655159064338695,-3.277096817375913,-3.0342728433587207,-2.610159943914958,-0.7789446447599047,0.36733287041215146,0.9843179805053559,1.3295687621051266,-18.692576061683575,-45.731184975843945,-41.32026063757064,-38.90922840307092,-32.74806433474854,-11.068087739106325,3.377035774894721,12.6830951112767,19.14689439549062,5.0950846685389966,1.1968309993173314,8.912437354487393,146,65.5,48,1,-2:-1 %,Wilson's Snipe
2010,2025,British Columbia,survey_region,49_-115 ; 49_-117 ; 49_-118 ; 49_-119 ; 49_-120 ; 49_-121 ; 49_-125 ; 50_-115 ; 50_-116 ; 50_-118 ; 50_-119 ; 50_-120 ; 50_-121 ; 51_-116 ; 51_-120 ; 51_-121 ; 51_-123 ; 51_-124 ; 52_-121 ; 52_-122 ; 52_-123 ; 52_-125 ; 52_-126 ; 53_-120 ; 53_-121 ; 53_-122 ; 53_-124 ; 54_-122 ; 54_-124 ; 54_-125 ; 54_-126 ; 55_-120 ; 55_-121 ; 55_-123 ; 55_-124 ; 55_-127 ; 56_-121 ; 56_-129 ; 59_-129 ; 59_-133,,-0.44912390406424696,-3.3910829676157106,-3.1752188774364254,-2.458058429832999,-1.4840362900900073,0.5023590509594555,1.4500513409413607,2.0055657362310297,2.9572953263853563,-6.529127007761337,-45.14794834634169,-39.66593972444111,-32.63557859388395,-22.691775611619867,4.524577142806474,22.249051186010416,32.954318800427515,45.453560565884764,6.348378294001067,0.947246687508734,4.744730305784801,73,32.1875,40,1,-0.5:0.5 %,Wilson's Snipe
2010,2025,Manitoba,survey_region,49_-100 ; 49_-95 ; 49_-96 ; 49_-97 ; 49_-98 ; 49_-99 ; 50_-100 ; 50_-95 ; 50_-96 ; 50_-97 ; 50_-98 ; 50_-99 ; 51_-100 ; 51_-101 ; 51_-95 ; 51_-96 ; 51_-97 ; 51_-98 ; 51_-99 ; 52_-100 ; 52_-101 ; 52_-99 ; 53_-101 ; 54_-100 ; 54_-101 ; 54_-99,,-4.787163457630905,-7.314312392502076,-7.0542231789034515,-6.621710488232891,-6.258770286296866,-4.221102959141188,-2.8851202024299805,-2.3550187217089236,-1.554879480839999,-52.08929566883875,-70.83520353960999,-66.68294355097896,-65.13170331842258,-62.072021547782455,-47.63423250930654,-36.950391205029874,-30.137342848885893,-26.45229107421857,5.759432911662078,1.254971192364285,10.335932400671593,66,35.375,26,1,-7:-4 %,Wilson's Snipe
2010,2025,Maritimes,survey_region,44_-63 ; 44_-64 ; 44_-65 ; 45_-60 ; 45_-61 ; 45_-62 ; 45_-63 ; 45_-64 ; 45_-65 ; 45_-66 ; 45_-67 ; 46_-60 ; 46_-61 ; 46_-62 ; 46_-63 ; 46_-64 ; 46_-66 ; 47_-60 ; 47_-65 ; 47_-67,,1.1127821878985644,-3.6661027861682793,-2.964628659016333,-2.196657952522574,0.0913025633664688,3.407515170853226,3.808549056063404,4.701284775925374,5.612884378173533,18.056772813231348,-54.69481819727664,-47.69370155712219,-35.20614597378323,-25.25680818339643,31.645690134903305,65.25936683001501,80.71086503444293,103.22832832016763,9.278987164341812,0.5500297873113037,0.8476100016029804,48,29.1875,20,1,1:2 %,Wilson's Snipe
2010,2025,Newfoundland and Labrador,survey_region,46_-53 ; 46_-55 ; 47_-52 ; 47_-53 ; 47_-54 ; 47_-55 ; 47_-59 ; 48_-53 ; 48_-55 ; 48_-56 ; 48_-57 ; 48_-58 ; 49_-54 ; 49_-56 ; 49_-57 ; 51_-55 ; 53_-60 ; 53_-63 ; 53_-65,,-3.8973508799571954,-8.893260327709541,-7.725839306334947,-6.66251816700647,-5.385780589433087,-2.7429179601500153,-1.3079977590895187,-0.17844200571076607,0.7276367087876823,-44.915375630326714,-76.7660764079288,-75.3630135545681,-68.5756156460211,-58.86590180551967,-37.251492654716145,-22.513763073157733,-10.941299823437001,9.3955013578354,9.620897036497222,1.0929121156959185,6.2349872029231275,25,12.75,19,1,-4:-2 %,Wilson's Snipe
2010,2025,Northwest Territories,survey_region,60_-112 ; 60_-123 ; 61_-117 ; 61_-121 ; 62_-114 ; 68_-133,,-1.0406343286982367,-6.369354688730711,-5.494823010547112,-4.427318994708385,-2.7365539128266003,0.7003741775833294,2.4697998165950086,3.6142751769021597,5.127657408377639,-14.522159058359751,-76.20957647000407,-64.56753477525254,-58.7641831615112,-42.105076263331235,0.604353625279197,27.56362546230129,53.000372156432874,76.45605775096185,11.49701209710835,0.982970146711136,10.195238095238095,10,4,6,1,-2:-1 %,Wilson's Snipe
2010,2025,Ontario,survey_region,43_-78 ; 43_-80 ; 43_-81 ; 44_-75 ; 44_-76 ; 44_-77 ; 44_-78 ; 44_-79 ; 44_-80 ; 44_-81 ; 45_-75 ; 45_-76 ; 45_-77 ; 45_-78 ; 45_-79 ; 45_-80 ; 45_-81 ; 45_-82 ; 46_-79 ; 46_-80 ; 46_-81 ; 46_-82 ; 46_-83 ; 46_-84 ; 47_-79 ; 47_-80 ; 47_-81 ; 47_-82 ; 47_-83 ; 48_-80 ; 48_-81 ; 48_-82 ; 48_-84 ; 48_-85 ; 48_-88 ; 48_-89 ; 48_-90 ; 48_-91 ; 48_-92 ; 48_-93 ; 48_-94 ; 49_-80 ; 49_-81 ; 49_-82 ; 49_-83 ; 49_-84 ; 49_-85 ; 49_-86 ; 49_-88 ; 49_-90 ; 49_-92 ; 49_-93 ; 49_-94 ; 50_-89 ; 50_-90 ; 50_-91 ; 50_-92 ; 50_-93 ; 50_-94 ; 51_-93,,-3.242858601916737,-5.74645206334734,-5.209436475837148,-4.897494999032171,-4.094234856115097,-2.423684152699024,-1.783240596100777,-1.2328478604218707,-0.890844732683016,-39.011853258249396,-60.83339992822123,-56.18037676790839,-54.11881548212809,-47.70612632491961,-32.09232733067231,-25.03613330452251,-18.664104911267344,-15.363940870059933,4.855607330664324,0.8583713005439169,1.5367194267063509,290,167.625,60,1,-4:-2 %,Wilson's Snipe
2010,2025,Quebec,survey_region,45_-70 ; 45_-71 ; 45_-72 ; 45_-73 ; 45_-74 ; 46_-70 ; 46_-71 ; 46_-72 ; 46_-73 ; 46_-75 ; 46_-76 ; 46_-78 ; 47_-68 ; 47_-70 ; 47_-71 ; 48_-64 ; 48_-67 ; 48_-68 ; 48_-71 ; 48_-79,,-3.11860982424943,-6.8938532114276025,-6.097290538937417,-5.5721037223454335,-4.2617031407019335,-1.7753959593401647,-0.9494003172024978,-0.3272379208067444,0.0947135485946271,-37.826483547291126,-69.04853253781651,-64.28311684951994,-61.010449351121764,-52.41993416706369,-28.2884667434409,-17.555412092632583,-9.097199930208276,-3.18795698675004,6.98856676002223,0.8408936043598453,1.9012189301890348,84,42.375,20,1,-4:-2 %,Wilson's Snipe
2010,2025,Saskatchewan,survey_region,49_-101 ; 49_-102 ; 49_-103 ; 49_-104 ; 49_-105 ; 49_-106 ; 49_-107 ; 49_-108 ; 49_-109 ; 50_-101 ; 50_-102 ; 50_-103 ; 50_-104 ; 50_-105 ; 50_-106 ; 50_-107 ; 50_-108 ; 51_-102 ; 51_-104 ; 51_-105 ; 51_-106 ; 51_-107 ; 52_-104 ; 52_-106 ; 52_-107 ; 53_-105 ; 53_-106 ; 53_-108 ; 53_-109 ; 54_-107 ; 54_-108,,-1.963528036550699,-5.080296633180503,-4.4729452096110345,-3.8135769628878324,-3.375008162844495,-1.1921833167379714,0.20922281791992958,0.7327815220487421,1.3120748899305035,-25.729711856284453,-57.182357673859954,-53.62794334539084,-50.78867375322487,-42.30405154029027,-18.779431239435308,-4.253703889343008,8.305097908166271,16.464408765989734,6.392371523111007,1.2716911898769399,8.74235492505025,63,25.375,31,1,-2:-1 %,Wilson's Snipe
2010,2025,Yukon,survey_region,60_-129 ; 60_-133 ; 60_-134 ; 60_-136 ; 60_-137 ; 61_-128 ; 61_-130 ; 61_-135 ; 62_-133 ; 62_-135 ; 62_-136 ; 63_-135 ; 63_-136 ; 63_-137 ; 63_-138 ; 64_-138 ; 66_-136,,0.31363008520525204,-4.6160502001518555,-3.50994632262418,-2.5823081358746003,-1.127952453027925,1.673442064347741,2.8949114078199667,3.94727539910118,5.000310032138078,4.809156481895394,-62.499668086171376,-48.543836557064715,-37.77602569620298,-22.160866127546562,20.16215803632766,47.08501173808062,66.54682290448481,84.73253598233825,9.616360232289933,0.7557352753379794,2.366021105411862,26,13.6875,17,1,-0.5:0.5 %,Wilson's Snipe
2010,2025,NA,survey_region,47_-61 ; 47_-63,,0.38199309083988275,-4.873573923925189,-4.307374462838986,-3.2809588690571823,-1.0801552601198527,2.5766703314800354,3.6016202170902734,4.694870593540812,6.147102951153127,5.885676633065096,-61.59749275249759,-61.182175143103976,-48.40821013262855,-31.947917766232937,21.592861273394483,58.05036734164404,80.47713435139234,115.32120568742168,11.020676875078316,0.6427934199396456,4.25,2,1,2,1,-0.5:0.5 %,Wilson's Snipe
2010,2025,survey_wide,survey_wide,43_-78 ; 43_-80 ; 43_-81 ; 44_-63 ; 44_-64 ; 44_-65 ; 44_-75 ; 44_-76 ; 44_-77 ; 44_-78 ; 44_-79 ; 44_-80 ; 44_-81 ; 45_-60 ; 45_-61 ; 45_-62 ; 45_-63 ; 45_-64 ; 45_-65 ; 45_-66 ; 45_-67 ; 45_-70 ; 45_-71 ; 45_-72 ; 45_-73 ; 45_-74 ; 45_-75 ; 45_-76 ; 45_-77 ; 45_-78 ; 45_-79 ; 45_-80 ; 45_-81 ; 45_-82 ; 46_-53 ; 46_-55 ; 46_-60 ; 46_-61 ; 46_-62 ; 46_-63 ; 46_-64 ; 46_-66 ; 46_-70 ; 46_-71 ; 46_-72 ; 46_-73 ; 46_-75 ; 46_-76 ; 46_-78 ; 46_-79 ; 46_-80 ; 46_-81 ; 46_-82 ; 46_-83 ; 46_-84 ; 47_-52 ; 47_-53 ; 47_-54 ; 47_-55 ; 47_-59 ; 47_-60 ; 47_-61 ; 47_-63 ; 47_-65 ; 47_-67 ; 47_-68 ; 47_-70 ; 47_-71 ; 47_-79 ; 47_-80 ; 47_-81 ; 47_-82 ; 47_-83 ; 48_-53 ; 48_-55 ; 48_-56 ; 48_-57 ; 48_-58 ; 48_-64 ; 48_-67 ; 48_-68 ; 48_-71 ; 48_-79 ; 48_-80 ; 48_-81 ; 48_-82 ; 48_-84 ; 48_-85 ; 48_-88 ; 48_-89 ; 48_-90 ; 48_-91 ; 48_-92 ; 48_-93 ; 48_-94 ; 49_-100 ; 49_-101 ; 49_-102 ; 49_-103 ; 49_-104 ; 49_-105 ; 49_-106 ; 49_-107 ; 49_-108 ; 49_-109 ; 49_-110 ; 49_-111 ; 49_-112 ; 49_-113 ; 49_-114 ; 49_-115 ; 49_-117 ; 49_-118 ; 49_-119 ; 49_-120 ; 49_-121 ; 49_-125 ; 49_-54 ; 49_-56 ; 49_-57 ; 49_-80 ; 49_-81 ; 49_-82 ; 49_-83 ; 49_-84 ; 49_-85 ; 49_-86 ; 49_-88 ; 49_-90 ; 49_-92 ; 49_-93 ; 49_-94 ; 49_-95 ; 49_-96 ; 49_-97 ; 49_-98 ; 49_-99 ; 50_-100 ; 50_-101 ; 50_-102 ; 50_-103 ; 50_-104 ; 50_-105 ; 50_-106 ; 50_-107 ; 50_-108 ; 50_-110 ; 50_-111 ; 50_-112 ; 50_-113 ; 50_-114 ; 50_-115 ; 50_-116 ; 50_-118 ; 50_-119 ; 50_-120 ; 50_-121 ; 50_-89 ; 50_-90 ; 50_-91 ; 50_-92 ; 50_-93 ; 50_-94 ; 50_-95 ; 50_-96 ; 50_-97 ; 50_-98 ; 50_-99 ; 51_-100 ; 51_-101 ; 51_-102 ; 51_-104 ; 51_-105 ; 51_-106 ; 51_-107 ; 51_-110 ; 51_-111 ; 51_-112 ; 51_-113 ; 51_-114 ; 51_-115 ; 51_-116 ; 51_-120 ; 51_-121 ; 51_-123 ; 51_-124 ; 51_-55 ; 51_-93 ; 51_-95 ; 51_-96 ; 51_-97 ; 51_-98 ; 51_-99 ; 52_-100 ; 52_-101 ; 52_-104 ; 52_-106 ; 52_-107 ; 52_-110 ; 52_-111 ; 52_-112 ; 52_-113 ; 52_-114 ; 52_-115 ; 52_-117 ; 52_-121 ; 52_-122 ; 52_-123 ; 52_-125 ; 52_-126 ; 52_-99 ; 53_-101 ; 53_-105 ; 53_-106 ; 53_-108 ; 53_-109 ; 53_-110 ; 53_-111 ; 53_-112 ; 53_-113 ; 53_-114 ; 53_-115 ; 53_-117 ; 53_-118 ; 53_-119 ; 53_-120 ; 53_-121 ; 53_-122 ; 53_-124 ; 53_-60 ; 53_-63 ; 53_-65 ; 54_-100 ; 54_-101 ; 54_-107 ; 54_-108 ; 54_-110 ; 54_-111 ; 54_-112 ; 54_-113 ; 54_-114 ; 54_-115 ; 54_-116 ; 54_-117 ; 54_-118 ; 54_-122 ; 54_-124 ; 54_-125 ; 54_-126 ; 54_-99 ; 55_-113 ; 55_-114 ; 55_-118 ; 55_-119 ; 55_-120 ; 55_-121 ; 55_-123 ; 55_-124 ; 55_-127 ; 56_-117 ; 56_-121 ; 56_-129 ; 59_-111 ; 59_-112 ; 59_-129 ; 59_-133 ; 60_-112 ; 60_-123 ; 60_-129 ; 60_-133 ; 60_-134 ; 60_-136 ; 60_-137 ; 61_-117 ; 61_-121 ; 61_-128 ; 61_-130 ; 61_-135 ; 62_-114 ; 62_-133 ; 62_-135 ; 62_-136 ; 63_-135 ; 63_-136 ; 63_-137 ; 63_-138 ; 64_-138 ; 66_-136 ; 68_-133,,-2.537949242634369,-4.263079618292576,-4.019506268076345,-3.709042856747302,-3.559526113164979,-2.172677126321887,-1.1299458102629334,-0.7932675526774902,-0.4188887259741647,-31.99620002693182,-49.70043153116882,-46.56505058863274,-44.25321082259639,-41.93826142080427,-28.071246721141353,-16.870998546646465,-12.001709045158904,-8.586439599879936,3.844190892318411,1.1417652255173345,4.5716029697582705,833,429.0625,289,1,-4:-2 %,Wilson's Snipe
2001,2025,Alberta,survey_region,49_-110 ; 49_-111 ; 49_-112 ; 49_-113 ; 49_-114 ; 50_-110 ; 50_-111 ; 50_-112 ; 50_-113 ; 50_-114 ; 51_-110 ; 51_-111 ; 51_-112 ; 51_-113 ; 51_-114 ; 51_-115 ; 52_-110 ; 52_-111 ; 52_-112 ; 52_-113 ; 52_-114 ; 52_-115 ; 52_-117 ; 53_-110 ; 53_-111 ; 53_-112 ; 53_-113 ; 53_-114 ; 53_-115 ; 53_-117 ; 53_-118 ; 53_-119 ; 54_-110 ; 54_-111 ; 54_-112 ; 54_-113 ; 54_-114 ; 54_-115 ; 54_-116 ; 54_-117 ; 54_-118 ; 55_-113 ; 55_-114 ; 55_-118 ; 55_-119 ; 56_-117 ; 59_-111 ; 59_-112,,-0.3033933195629557,-1.9077234665008436,-1.5573619071878375,-1.3433786543115778,-1.051306269695984,0.10561838350497954,0.8951008634183966,1.271057000460396,1.4992001195887061,-7.032951832324031,-40.054547534675734,-34.683670173370885,-29.286342473343307,-23.076282608015553,1.8524330260279553,21.738028979651624,32.798960974797396,39.27383564264038,3.4069235860895497,1.1294488569489922,8.187619847409184,146,70.44,48,1,-0.5:0.5 %,Wilson's Snipe
2001,2025,British Columbia,survey_region,49_-115 ; 49_-117 ; 49_-118 ; 49_-119 ; 49_-120 ; 49_-121 ; 49_-125 ; 50_-115 ; 50_-116 ; 50_-118 ; 50_-119 ; 50_-120 ; 50_-121 ; 51_-116 ; 51_-120 ; 51_-121 ; 51_-123 ; 51_-124 ; 52_-121 ; 52_-122 ; 52_-123 ; 52_-125 ; 52_-126 ; 53_-120 ; 53_-121 ; 53_-122 ; 53_-124 ; 54_-122 ; 54_-124 ; 54_-125 ; 54_-126 ; 55_-120 ; 55_-121 ; 55_-123 ; 55_-124 ; 55_-127 ; 56_-121 ; 56_-129 ; 59_-129 ; 59_-133,,-1.0096382514892865,-2.850740466208901,-2.5276918419517957,-2.194948850545675,-1.528696725750911,-0.30246164586452684,0.18439013333166887,0.5667987142911279,0.9208542122540297,-21.615557340217052,-53.56792390663034,-48.70007497425392,-43.73892452078554,-36.34516448093702,-13.5153265594375,1.2786400220031524,11.22018220055061,19.106453296768255,3.7715946784629306,0.9618709961429126,4.818187017586631,73,36.6,40,1,-2:-1 %,Wilson's Snipe
2001,2025,Manitoba,survey_region,49_-100 ; 49_-95 ; 49_-96 ; 49_-97 ; 49_-98 ; 49_-99 ; 50_-100 ; 50_-95 ; 50_-96 ; 50_-97 ; 50_-98 ; 50_-99 ; 51_-100 ; 51_-101 ; 51_-95 ; 51_-96 ; 51_-97 ; 51_-98 ; 51_-99 ; 52_-100 ; 52_-101 ; 52_-99 ; 53_-101 ; 54_-100 ; 54_-101 ; 54_-99,,-0.3866632422483307,-2.1781205939623627,-1.9412700154649687,-1.5674065911514545,-0.996738526902452,0.3253335278258218,0.8973877904633554,1.2418172776787362,1.6207583399785674,-8.87874014508434,-45.52141888983985,-39.684030566495586,-37.68534750916338,-28.48342711949493,-0.8004423152828677,16.291070693738053,30.800330730484227,41.29037218600207,3.79887893394093,1.1952282556282798,9.844779389184424,66,37.12,26,1,-0.5:0.5 %,Wilson's Snipe
2001,2025,Maritimes,survey_region,44_-63 ; 44_-64 ; 44_-65 ; 45_-60 ; 45_-61 ; 45_-62 ; 45_-63 ; 45_-64 ; 45_-65 ; 45_-66 ; 45_-67 ; 46_-60 ; 46_-61 ; 46_-62 ; 46_-63 ; 46_-64 ; 46_-66 ; 47_-60 ; 47_-65 ; 47_-67,,-2.288565274914911,-5.365909435641747,-4.7615542626175404,-4.108197597791707,-3.0195787167941024,-1.020163946640884,-0.41205416727385646,-0.08355987573936963,0.31799718697065327,-42.62940332710403,-76.7973276548961,-74.29635623564195,-68.7486933907669,-62.794343515732606,-34.836179277192954,-18.92104458028121,-10.627119499629567,-0.3167418535887978,5.6839066226124,0.7151190470269155,1.217557625325747,48,29.64,20,1,-4:-2 %,Wilson's Snipe
2001,2025,Newfoundland and Labrador,survey_region,46_-53 ; 46_-55 ; 47_-52 ; 47_-53 ; 47_-54 ; 47_-55 ; 47_-59 ; 48_-53 ; 48_-55 ; 48_-56 ; 48_-57 ; 48_-58 ; 49_-54 ; 49_-56 ; 49_-57 ; 51_-55 ; 53_-60 ; 53_-63 ; 53_-65,,-1.7112901147320725,-5.266388863985572,-4.454549752924164,-3.7720452186848608,-2.6093665436546676,-0.5486992341972696,0.3466430578869417,0.9788242144040948,1.6217077136445157,-33.91738225657057,-77.5695551612082,-70.64991502070244,-66.22026635263305,-56.76589098284537,-25.585925597357505,-2.800242395936803,16.905558368865137,39.52253208329199,6.888096577630088,1.1854804185027834,6.260737552089854,25,12.08,19,1,-2:-1 %,Wilson's Snipe
2001,2025,Northwest Territories,survey_region,60_-112 ; 60_-123 ; 61_-117 ; 61_-121 ; 62_-114 ; 68_-133,,-0.6662173648583236,-4.610617232766989,-3.813655785373904,-2.7852034980580753,-1.6660015297339514,0.6413401458038148,1.9080698665293605,2.4058605118947085,3.282766882430921,-14.822011977948346,-82.0299635381476,-72.23590743397821,-60.655573448188505,-46.44983728015495,-1.4114358130910665,33.356883951657544,57.23867924979511,84.32906174481398,7.89338411519791,1.074020543954661,10.592028985507246,10,4.04,6,1,-1:-0.5 %,Wilson's Snipe
2001,2025,Ontario,survey_region,43_-78 ; 43_-80 ; 43_-81 ; 44_-75 ; 44_-76 ; 44_-77 ; 44_-78 ; 44_-79 ; 44_-80 ; 44_-81 ; 45_-75 ; 45_-76 ; 45_-77 ; 45_-78 ; 45_-79 ; 45_-80 ; 45_-81 ; 45_-82 ; 46_-79 ; 46_-80 ; 46_-81 ; 46_-82 ; 46_-83 ; 46_-84 ; 47_-79 ; 47_-80 ; 47_-81 ; 47_-82 ; 47_-83 ; 48_-80 ; 48_-81 ; 48_-82 ; 48_-84 ; 48_-85 ; 48_-88 ; 48_-89 ; 48_-90 ; 48_-91 ; 48_-92 ; 48_-93 ; 48_-94 ; 49_-80 ; 49_-81 ; 49_-82 ; 49_-83 ; 49_-84 ; 49_-85 ; 49_-86 ; 49_-88 ; 49_-90 ; 49_-92 ; 49_-93 ; 49_-94 ; 50_-89 ; 50_-90 ; 50_-91 ; 50_-92 ; 50_-93 ; 50_-94 ; 51_-93,,-1.6060497928327144,-3.095293432045676,-2.9268240413715008,-2.717396434623298,-2.1588305666022323,-1.0791438350299276,-0.6655259474304343,-0.322466482745587,-0.010072803034355537,-32.19815429781043,-55.27708811497606,-52.351826317726506,-48.37685709283988,-43.02462422303096,-25.492476757303407,-14.807783093208238,-9.184200732246728,-3.658376663805074,3.0852206290113204,0.933866785066103,1.5494364376381422,290,162.32,60,1,-2:-1 %,Wilson's Snipe
2001,2025,Quebec,survey_region,45_-70 ; 45_-71 ; 45_-72 ; 45_-73 ; 45_-74 ; 46_-70 ; 46_-71 ; 46_-72 ; 46_-73 ; 46_-75 ; 46_-76 ; 46_-78 ; 47_-68 ; 47_-70 ; 47_-71 ; 48_-64 ; 48_-67 ; 48_-68 ; 48_-71 ; 48_-79,,-2.938190296893989,-5.396258258771525,-4.891591724093258,-4.419157556670861,-3.644123856986825,-2.0414796031596794,-1.3888665551045176,-1.0407994125710363,-0.8251095432558198,-51.11661853046849,-75.47069581026147,-73.53721416809648,-69.25901790281672,-63.55969754864046,-44.470461738014734,-34.12717304316389,-28.534045939395426,-20.809578416707687,4.5711487155157045,1.0143727431541838,2.1937036414565827,84,44.16,20,1,-4:-2 %,Wilson's Snipe
2001,2025,Saskatchewan,survey_region,49_-101 ; 49_-102 ; 49_-103 ; 49_-104 ; 49_-105 ; 49_-106 ; 49_-107 ; 49_-108 ; 49_-109 ; 50_-101 ; 50_-102 ; 50_-103 ; 50_-104 ; 50_-105 ; 50_-106 ; 50_-107 ; 50_-108 ; 51_-102 ; 51_-104 ; 51_-105 ; 51_-106 ; 51_-107 ; 52_-104 ; 52_-106 ; 52_-107 ; 53_-105 ; 53_-106 ; 53_-108 ; 53_-109 ; 54_-107 ; 54_-108,,1.0895546936129596,-1.0484802529510229,-0.6180136959915483,-0.2495973195689949,0.3621357491746524,1.7781489339866452,2.4604621960236495,2.950003779315624,3.2518318626630682,29.70323343036312,-27.83364550801364,-21.69193410201601,-10.3826849445263,0.9560194886887086,43.3333686999446,73.71024049131489,86.99434638828902,106.71321780963274,4.300312115614091,1.101832177428248,7.465244941703627,63,26.72,31,1,1:2 %,Wilson's Snipe
2001,2025,Yukon,survey_region,60_-129 ; 60_-133 ; 60_-134 ; 60_-136 ; 60_-137 ; 61_-128 ; 61_-130 ; 61_-135 ; 62_-133 ; 62_-135 ; 62_-136 ; 63_-135 ; 63_-136 ; 63_-137 ; 63_-138 ; 64_-138 ; 66_-136,,0.9342225999398823,-2.672751030962539,-1.729843269607434,-1.1228262287217627,0.04692378709207912,2.018242462568609,2.8676689675588785,3.605940123703144,4.122369525446756,25.00362809770449,-58.21962018595288,-47.80525874485021,-31.51133338116605,-13.64205628764803,43.2534277932946,84.72588335495715,110.13119739854301,138.30622103326763,6.795120556409295,0.773916533715771,2.5188546498968494,26,12.88,17,1,0.5:1 %,Wilson's Snipe
2001,2025,NA,survey_region,47_-61 ; 47_-63,,-1.18503813127106,-5.209883834000473,-4.521408351254297,-3.7836222328800906,-2.616312977442936,0.024045905800385015,1.3526424916254998,2.111670678130162,2.8332617192444287,-24.881832909334957,-79.40270806087082,-79.40270806087082,-68.42438158191176,-57.57823578648503,-13.430950205345905,19.784977662728377,41.30048372022274,74.29517064756237,8.043145553244901,0.7368981649033047,3.8421052631578947,2,1.12,2,1,-2:-1 %,Wilson's Snipe
2001,2025,survey_wide,survey_wide,43_-78 ; 43_-80 ; 43_-81 ; 44_-63 ; 44_-64 ; 44_-65 ; 44_-75 ; 44_-76 ; 44_-77 ; 44_-78 ; 44_-79 ; 44_-80 ; 44_-81 ; 45_-60 ; 45_-61 ; 45_-62 ; 45_-63 ; 45_-64 ; 45_-65 ; 45_-66 ; 45_-67 ; 45_-70 ; 45_-71 ; 45_-72 ; 45_-73 ; 45_-74 ; 45_-75 ; 45_-76 ; 45_-77 ; 45_-78 ; 45_-79 ; 45_-80 ; 45_-81 ; 45_-82 ; 46_-53 ; 46_-55 ; 46_-60 ; 46_-61 ; 46_-62 ; 46_-63 ; 46_-64 ; 46_-66 ; 46_-70 ; 46_-71 ; 46_-72 ; 46_-73 ; 46_-75 ; 46_-76 ; 46_-78 ; 46_-79 ; 46_-80 ; 46_-81 ; 46_-82 ; 46_-83 ; 46_-84 ; 47_-52 ; 47_-53 ; 47_-54 ; 47_-55 ; 47_-59 ; 47_-60 ; 47_-61 ; 47_-63 ; 47_-65 ; 47_-67 ; 47_-68 ; 47_-70 ; 47_-71 ; 47_-79 ; 47_-80 ; 47_-81 ; 47_-82 ; 47_-83 ; 48_-53 ; 48_-55 ; 48_-56 ; 48_-57 ; 48_-58 ; 48_-64 ; 48_-67 ; 48_-68 ; 48_-71 ; 48_-79 ; 48_-80 ; 48_-81 ; 48_-82 ; 48_-84 ; 48_-85 ; 48_-88 ; 48_-89 ; 48_-90 ; 48_-91 ; 48_-92 ; 48_-93 ; 48_-94 ; 49_-100 ; 49_-101 ; 49_-102 ; 49_-103 ; 49_-104 ; 49_-105 ; 49_-106 ; 49_-107 ; 49_-108 ; 49_-109 ; 49_-110 ; 49_-111 ; 49_-112 ; 49_-113 ; 49_-114 ; 49_-115 ; 49_-117 ; 49_-118 ; 49_-119 ; 49_-120 ; 49_-121 ; 49_-125 ; 49_-54 ; 49_-56 ; 49_-57 ; 49_-80 ; 49_-81 ; 49_-82 ; 49_-83 ; 49_-84 ; 49_-85 ; 49_-86 ; 49_-88 ; 49_-90 ; 49_-92 ; 49_-93 ; 49_-94 ; 49_-95 ; 49_-96 ; 49_-97 ; 49_-98 ; 49_-99 ; 50_-100 ; 50_-101 ; 50_-102 ; 50_-103 ; 50_-104 ; 50_-105 ; 50_-106 ; 50_-107 ; 50_-108 ; 50_-110 ; 50_-111 ; 50_-112 ; 50_-113 ; 50_-114 ; 50_-115 ; 50_-116 ; 50_-118 ; 50_-119 ; 50_-120 ; 50_-121 ; 50_-89 ; 50_-90 ; 50_-91 ; 50_-92 ; 50_-93 ; 50_-94 ; 50_-95 ; 50_-96 ; 50_-97 ; 50_-98 ; 50_-99 ; 51_-100 ; 51_-101 ; 51_-102 ; 51_-104 ; 51_-105 ; 51_-106 ; 51_-107 ; 51_-110 ; 51_-111 ; 51_-112 ; 51_-113 ; 51_-114 ; 51_-115 ; 51_-116 ; 51_-120 ; 51_-121 ; 51_-123 ; 51_-124 ; 51_-55 ; 51_-93 ; 51_-95 ; 51_-96 ; 51_-97 ; 51_-98 ; 51_-99 ; 52_-100 ; 52_-101 ; 52_-104 ; 52_-106 ; 52_-107 ; 52_-110 ; 52_-111 ; 52_-112 ; 52_-113 ; 52_-114 ; 52_-115 ; 52_-117 ; 52_-121 ; 52_-122 ; 52_-123 ; 52_-125 ; 52_-126 ; 52_-99 ; 53_-101 ; 53_-105 ; 53_-106 ; 53_-108 ; 53_-109 ; 53_-110 ; 53_-111 ; 53_-112 ; 53_-113 ; 53_-114 ; 53_-115 ; 53_-117 ; 53_-118 ; 53_-119 ; 53_-120 ; 53_-121 ; 53_-122 ; 53_-124 ; 53_-60 ; 53_-63 ; 53_-65 ; 54_-100 ; 54_-101 ; 54_-107 ; 54_-108 ; 54_-110 ; 54_-111 ; 54_-112 ; 54_-113 ; 54_-114 ; 54_-115 ; 54_-116 ; 54_-117 ; 54_-118 ; 54_-122 ; 54_-124 ; 54_-125 ; 54_-126 ; 54_-99 ; 55_-113 ; 55_-114 ; 55_-118 ; 55_-119 ; 55_-120 ; 55_-121 ; 55_-123 ; 55_-124 ; 55_-127 ; 56_-117 ; 56_-121 ; 56_-129 ; 59_-111 ; 59_-112 ; 59_-129 ; 59_-133 ; 60_-112 ; 60_-123 ; 60_-129 ; 60_-133 ; 60_-134 ; 60_-136 ; 60_-137 ; 61_-117 ; 61_-121 ; 61_-128 ; 61_-130 ; 61_-135 ; 62_-114 ; 62_-133 ; 62_-135 ; 62_-136 ; 63_-135 ; 63_-136 ; 63_-137 ; 63_-138 ; 64_-138 ; 66_-136 ; 68_-133,,-0.4798972624036224,-2.4276591888880317,-1.9392979264957866,-1.3785479709379045,-1.007667138049806,0.007913143760807095,0.7650220586426837,0.9825032577135628,1.1271146570883683,-10.903718421312991,-46.25961707280668,-41.30277805952443,-31.615500502447492,-21.62003923239666,0.14408926293321134,15.999842779584483,20.7279057539687,27.495309890102227,3.5547738459764,1.098338981358171,4.61659554888057,833,437.12,289,1,-0.5:0.5 %,Wilson's Snipe
2010,2025,Alberta,survey_region,49_-114 ; 50_-114 ; 51_-114 ; 51_-115 ; 52_-113 ; 52_-114 ; 52_-115 ; 52_-116 ; 52_-117 ; 53_-110 ; 53_-111 ; 53_-113 ; 53_-114 ; 53_-115 ; 53_-117 ; 53_-119 ; 54_-110 ; 54_-111 ; 54_-112 ; 54_-113 ; 54_-114 ; 54_-115 ; 54_-117 ; 55_-113 ; 55_-114 ; 55_-119 ; 56_-117 ; 59_-111 ; 59_-112,,0.05660040566018987,-4.593739833592069,-3.6828397614722896,-3.04803014968561,-1.8160020240223895,1.3038189233300912,3.0127507385489194,4.063038459217072,5.0464846474549185,0.852378267373477,-59.526457521434196,-51.66676827494756,-43.47320481616135,-26.4045593541263,18.165603615139638,44.83088790120653,68.96426883678927,92.22346928735202,9.640224481046989,0.5338849687283722,0.7023176807648377,44,21.625,29,1,-0.5:0.5 %,Ruffed Grouse
2010,2025,British Columbia,survey_region,48_-123 ; 48_-124 ; 49_-116 ; 49_-117 ; 49_-118 ; 49_-119 ; 49_-120 ; 49_-123 ; 49_-124 ; 50_-115 ; 50_-116 ; 50_-118 ; 50_-119 ; 50_-121 ; 50_-122 ; 50_-125 ; 51_-120 ; 51_-121 ; 51_-123 ; 51_-124 ; 52_-121 ; 52_-122 ; 52_-123 ; 52_-125 ; 52_-126 ; 53_-120 ; 53_-121 ; 53_-122 ; 53_-124 ; 54_-122 ; 54_-124 ; 54_-125 ; 54_-126 ; 54_-128 ; 54_-129 ; 55_-120 ; 55_-121 ; 55_-123 ; 55_-127 ; 56_-121 ; 56_-129 ; 59_-129 ; 59_-133,,-3.6925713388619776,-8.557867477396675,-8.113895125466875,-6.6279304161148245,-5.494333850031485,-2.2477953017835617,-0.4801399112418836,-0.06809485021309625,1.0488413673839236,-43.128220717362645,-78.0188690511062,-74.04166096749736,-70.74156081419345,-63.03279281755686,-36.22942283073082,-17.83903868647765,-4.707168450643174,10.067799150263479,9.606708844780599,0.6955912359830526,1.5268665568287534,65,31.625,43,1,-4:-2 %,Ruffed Grouse
2010,2025,Manitoba,survey_region,49_-100 ; 49_-95 ; 49_-96 ; 49_-98 ; 49_-99 ; 50_-100 ; 50_-95 ; 50_-96 ; 50_-97 ; 50_-99 ; 51_-100 ; 51_-101 ; 51_-95 ; 51_-96 ; 51_-97 ; 51_-98 ; 51_-99 ; 52_-100 ; 52_-99 ; 53_-101 ; 54_-100 ; 54_-101 ; 54_-99,,-2.1107661867678154,-5.848494262121029,-5.476110907281207,-4.805613555568278,-3.3653561549608857,-0.7399965365923133,0.2366460198787168,0.9149429993616343,1.825399274748607,-27.38539870777872,-63.191799217920355,-59.11320604515551,-55.43550454350942,-47.30938970203149,-19.499379543796678,-0.9034418116836918,11.461373979403145,23.8132554761904,7.673893536869636,0.6596777382641964,0.8876619727690419,37,20.5,23,1,-4:-2 %,Ruffed Grouse
2010,2025,Maritimes,survey_region,43_-65 ; 44_-62 ; 44_-63 ; 44_-64 ; 44_-65 ; 44_-66 ; 45_-60 ; 45_-61 ; 45_-62 ; 45_-63 ; 45_-64 ; 45_-65 ; 45_-66 ; 45_-67 ; 46_-60 ; 46_-64 ; 46_-65 ; 46_-66 ; 47_-60 ; 47_-65 ; 47_-66 ; 47_-67,,0.8501048951992884,-3.955067403917889,-3.5420275106735732,-2.423535804798993,-0.9130942206487025,2.4322330834518624,4.094080131883193,4.86779938417663,6.117345682162156,13.53906705355785,-54.73142797416251,-50.48075257578353,-43.100467770423144,-23.523817890452026,31.425737230207584,62.85013445102061,88.27698158956916,122.36459461198254,10.072413086080045,0.44493490274457803,0.523598152711377,40,24.1875,22,1,0.5:1 %,Ruffed Grouse
2010,2025,Newfoundland and Labrador,survey_region,47_-54 ; 47_-59 ; 48_-53 ; 48_-55 ; 48_-56 ; 48_-58 ; 49_-57,,3.5458681240006618,-6.836687501229111,-5.1811510676059935,-2.7385677270127307,-0.1316907880199225,6.576492204341977,10.3335196589883,12.070407830552554,13.955397840029239,68.65204957339799,-91.90900593379162,-80.6829843141126,-76.32234369633235,-40.91813600520574,96.5860084697297,213.92635911334173,329.8730862208429,463.51882695588415,20.79208534125835,0.3629529399111282,0.25544217687074827,7,4.5625,7,1,2:4 %,Ruffed Grouse
2010,2025,Northwest Territories,survey_region,60_-112 ; 60_-123 ; 61_-117 ; 61_-121,,-4.827877878212217,-14.108811190544944,-12.681419260533522,-11.264061170654838,-7.9221761866593905,-1.6301098717484086,1.0700459453262479,3.6881255052729323,5.801871268784109,-52.39568705343173,-95.71862574160428,-92.3919655994691,-92.3919655994691,-86.10726241298474,-48.45527326003036,-9.491175194824631,33.16568580664738,89.42128582455722,19.910682459329053,0.8630218700399171,1.9672619047619049,5,2.25,4,1,-7:-4 %,Ruffed Grouse
2010,2025,Ontario,survey_region,43_-80 ; 43_-81 ; 44_-75 ; 44_-76 ; 44_-77 ; 44_-78 ; 44_-79 ; 44_-80 ; 44_-81 ; 45_-75 ; 45_-76 ; 45_-77 ; 45_-78 ; 45_-79 ; 45_-80 ; 45_-81 ; 45_-82 ; 46_-79 ; 46_-80 ; 46_-81 ; 46_-82 ; 46_-83 ; 46_-84 ; 47_-79 ; 47_-82 ; 47_-83 ; 47_-84 ; 48_-80 ; 48_-81 ; 48_-82 ; 48_-85 ; 48_-86 ; 48_-87 ; 48_-88 ; 48_-89 ; 48_-90 ; 48_-91 ; 48_-92 ; 48_-93 ; 48_-94 ; 49_-80 ; 49_-81 ; 49_-82 ; 49_-83 ; 49_-84 ; 49_-85 ; 49_-86 ; 49_-88 ; 49_-89 ; 49_-90 ; 49_-92 ; 49_-93 ; 49_-94 ; 50_-89 ; 50_-90 ; 50_-91 ; 50_-92 ; 50_-93 ; 50_-94 ; 51_-89 ; 51_-93 ; 52_-91,,-2.039435234183723,-4.605200864878933,-4.276385117971082,-3.828981448348112,-2.790004927316936,-1.1061402825223832,-0.45053856632464306,0.04245839264505058,0.5332556041545367,-26.58763488138738,-52.0902216460936,-49.10776182540282,-47.72541878336681,-38.49395016600068,-19.426305439171266,-10.45547411218285,-0.7120369564200257,6.439224460621196,5.1384564690334695,0.574653516411482,1.0602438804821057,270,150.75,62,1,-4:-2 %,Ruffed Grouse
2010,2025,Quebec,survey_region,45_-71 ; 45_-72 ; 45_-74 ; 46_-70 ; 46_-71 ; 46_-72 ; 46_-73 ; 46_-75 ; 46_-76 ; 46_-77 ; 46_-78 ; 47_-68 ; 47_-70 ; 47_-71 ; 47_-73 ; 47_-76 ; 47_-77 ; 48_-67 ; 48_-71 ; 48_-79,,-0.6748936767007607,-5.046776262657104,-4.488196605837025,-3.314793147087336,-2.249870844353241,0.7382070738454871,2.3035883058013074,2.8203330398494098,3.5532561762282144,-9.658857298877631,-57.56714867005833,-54.80964490656108,-50.91337768018117,-36.02935261665087,3.107354746604485,25.164152990378973,43.012350031019466,62.139308291358915,8.600032438885318,0.4319106969962763,0.5897653204191033,48,23.875,20,1,-1:-0.5 %,Ruffed Grouse
2010,2025,Saskatchewan,survey_region,49_-102 ; 50_-101 ; 50_-102 ; 50_-104 ; 51_-102 ; 52_-104 ; 52_-106 ; 52_-107 ; 53_-105 ; 53_-106 ; 53_-107 ; 54_-106 ; 54_-107 ; 54_-108,,0.09341361369321621,-5.102916377730082,-4.430099808920518,-3.4428996953336233,-1.7514422246972638,1.8617483671520052,3.5605259457586858,4.612344038170857,5.5316297130621805,1.4104040357826753,-63.165513377289095,-63.29327964368625,-54.09440650301558,-37.40011840162841,15.267495353420223,48.00693375111316,72.47730772278315,102.9064020026245,10.634546090792263,0.5001171274155406,0.3302308802308802,18,8.625,14,1,-0.5:0.5 %,Ruffed Grouse
2010,2025,Yukon,survey_region,60_-129 ; 60_-137 ; 63_-135 ; 63_-138 ; 63_-139,,-1.959442981705567,-11.1220107822676,-9.652667121870351,-8.527370184569449,-5.306182532555958,0.9564675068178152,3.5058077544530386,6.126228072883011,8.225777880101015,-25.683274598432327,-92.59873777126167,-89.24618661709466,-86.02900836718271,-73.73560043032772,-16.141536507514644,41.24331729736412,99.52308091124051,167.8390659036829,19.347788662368615,0.5975858352315487,0.6601190476190476,6,3.625,5,1,-2:-1 %,Ruffed Grouse
2010,2025,survey_wide,survey_wide,43_-65 ; 43_-80 ; 43_-81 ; 44_-62 ; 44_-63 ; 44_-64 ; 44_-65 ; 44_-66 ; 44_-75 ; 44_-76 ; 44_-77 ; 44_-78 ; 44_-79 ; 44_-80 ; 44_-81 ; 45_-60 ; 45_-61 ; 45_-62 ; 45_-63 ; 45_-64 ; 45_-65 ; 45_-66 ; 45_-67 ; 45_-71 ; 45_-72 ; 45_-74 ; 45_-75 ; 45_-76 ; 45_-77 ; 45_-78 ; 45_-79 ; 45_-80 ; 45_-81 ; 45_-82 ; 46_-60 ; 46_-64 ; 46_-65 ; 46_-66 ; 46_-70 ; 46_-71 ; 46_-72 ; 46_-73 ; 46_-75 ; 46_-76 ; 46_-77 ; 46_-78 ; 46_-79 ; 46_-80 ; 46_-81 ; 46_-82 ; 46_-83 ; 46_-84 ; 47_-54 ; 47_-59 ; 47_-60 ; 47_-65 ; 47_-66 ; 47_-67 ; 47_-68 ; 47_-70 ; 47_-71 ; 47_-73 ; 47_-76 ; 47_-77 ; 47_-79 ; 47_-82 ; 47_-83 ; 47_-84 ; 48_-123 ; 48_-124 ; 48_-53 ; 48_-55 ; 48_-56 ; 48_-58 ; 48_-67 ; 48_-71 ; 48_-79 ; 48_-80 ; 48_-81 ; 48_-82 ; 48_-85 ; 48_-86 ; 48_-87 ; 48_-88 ; 48_-89 ; 48_-90 ; 48_-91 ; 48_-92 ; 48_-93 ; 48_-94 ; 49_-100 ; 49_-102 ; 49_-114 ; 49_-116 ; 49_-117 ; 49_-118 ; 49_-119 ; 49_-120 ; 49_-123 ; 49_-124 ; 49_-57 ; 49_-80 ; 49_-81 ; 49_-82 ; 49_-83 ; 49_-84 ; 49_-85 ; 49_-86 ; 49_-88 ; 49_-89 ; 49_-90 ; 49_-92 ; 49_-93 ; 49_-94 ; 49_-95 ; 49_-96 ; 49_-98 ; 49_-99 ; 50_-100 ; 50_-101 ; 50_-102 ; 50_-104 ; 50_-114 ; 50_-115 ; 50_-116 ; 50_-118 ; 50_-119 ; 50_-121 ; 50_-122 ; 50_-125 ; 50_-89 ; 50_-90 ; 50_-91 ; 50_-92 ; 50_-93 ; 50_-94 ; 50_-95 ; 50_-96 ; 50_-97 ; 50_-99 ; 51_-100 ; 51_-101 ; 51_-102 ; 51_-114 ; 51_-115 ; 51_-120 ; 51_-121 ; 51_-123 ; 51_-124 ; 51_-89 ; 51_-93 ; 51_-95 ; 51_-96 ; 51_-97 ; 51_-98 ; 51_-99 ; 52_-100 ; 52_-104 ; 52_-106 ; 52_-107 ; 52_-113 ; 52_-114 ; 52_-115 ; 52_-116 ; 52_-117 ; 52_-121 ; 52_-122 ; 52_-123 ; 52_-125 ; 52_-126 ; 52_-91 ; 52_-99 ; 53_-101 ; 53_-105 ; 53_-106 ; 53_-107 ; 53_-110 ; 53_-111 ; 53_-113 ; 53_-114 ; 53_-115 ; 53_-117 ; 53_-119 ; 53_-120 ; 53_-121 ; 53_-122 ; 53_-124 ; 54_-100 ; 54_-101 ; 54_-106 ; 54_-107 ; 54_-108 ; 54_-110 ; 54_-111 ; 54_-112 ; 54_-113 ; 54_-114 ; 54_-115 ; 54_-117 ; 54_-122 ; 54_-124 ; 54_-125 ; 54_-126 ; 54_-128 ; 54_-129 ; 54_-99 ; 55_-113 ; 55_-114 ; 55_-119 ; 55_-120 ; 55_-121 ; 55_-123 ; 55_-127 ; 56_-117 ; 56_-121 ; 56_-129 ; 59_-111 ; 59_-112 ; 59_-129 ; 59_-133 ; 60_-112 ; 60_-123 ; 60_-129 ; 60_-137 ; 61_-117 ; 61_-121 ; 63_-135 ; 63_-138 ; 63_-139,,-1.671824578800546,-3.991666270466543,-3.5809439854130987,-3.1935340535231505,-2.4303854833268246,-0.8950795522659427,-0.19610519469740462,0.3406124424755186,0.713488345242741,-22.344949413300252,-48.72698866971865,-43.8411608240856,-41.192638284961625,-32.02716610678015,-13.931045102247552,-6.645994775575714,1.9773117565041298,7.022983135591221,4.705154615709284,0.5577909683048062,0.958782413769503,540,291.625,229,1,-2:-1 %,Ruffed Grouse
2001,2025,Alberta,survey_region,49_-114 ; 50_-114 ; 51_-114 ; 51_-115 ; 52_-113 ; 52_-114 ; 52_-115 ; 52_-116 ; 52_-117 ; 53_-110 ; 53_-111 ; 53_-113 ; 53_-114 ; 53_-115 ; 53_-117 ; 53_-119 ; 54_-110 ; 54_-111 ; 54_-112 ; 54_-113 ; 54_-114 ; 54_-115 ; 54_-117 ; 55_-113 ; 55_-114 ; 55_-119 ; 56_-117 ; 59_-111 ; 59_-112,,-0.09777184426973395,-3.266551850628996,-2.6571017440880307,-2.2343298514191035,-1.3695239735008968,0.7655009611320818,1.84524706918332,2.644708521420025,3.135262409282613,-2.320328514326775,-64.4083257625972,-55.02027003409855,-47.60346795116176,-36.416193322524435,9.908930731436815,45.87844191697206,67.97499748220879,86.14847680010146,6.401814259911609,0.5594618172986167,0.7500961715233634,44,24.64,29,1,-0.5:0.5 %,Ruffed Grouse
2001,2025,British Columbia,survey_region,48_-123 ; 48_-124 ; 49_-116 ; 49_-117 ; 49_-118 ; 49_-119 ; 49_-120 ; 49_-123 ; 49_-124 ; 50_-115 ; 50_-116 ; 50_-118 ; 50_-119 ; 50_-121 ; 50_-122 ; 50_-125 ; 51_-120 ; 51_-121 ; 51_-123 ; 51_-124 ; 52_-121 ; 52_-122 ; 52_-123 ; 52_-125 ; 52_-126 ; 53_-120 ; 53_-121 ; 53_-122 ; 53_-124 ; 54_-122 ; 54_-124 ; 54_-125 ; 54_-126 ; 54_-128 ; 54_-129 ; 55_-120 ; 55_-121 ; 55_-123 ; 55_-127 ; 56_-121 ; 56_-129 ; 59_-129 ; 59_-133,,-1.7774804774044084,-5.200459811139169,-4.372209209058841,-4.023762306914758,-3.0860722972143706,-0.8242986623537174,0.3196800766552155,1.236972576600004,1.4460366690714377,-34.97719718153653,-75.31419840816294,-74.5134271110729,-69.21547874134109,-62.68105877371873,-29.495488302449747,-3.33299118721444,14.752996526724726,36.09151683883236,6.646496480210606,0.7475079405791495,1.5527024235301163,65,34.2,43,1,-2:-1 %,Ruffed Grouse
2001,2025,Manitoba,survey_region,49_-100 ; 49_-95 ; 49_-96 ; 49_-98 ; 49_-99 ; 50_-100 ; 50_-95 ; 50_-96 ; 50_-97 ; 50_-99 ; 51_-100 ; 51_-101 ; 51_-95 ; 51_-96 ; 51_-97 ; 51_-98 ; 51_-99 ; 52_-100 ; 52_-99 ; 53_-101 ; 54_-100 ; 54_-101 ; 54_-99,,-0.6199396449373451,-3.3227293353951692,-2.8284877858215762,-2.497386428655546,-1.4003909130665848,0.46529784758901904,1.0150666171963696,1.7487284822258031,2.173270055641252,-13.864506057974769,-60.76004439570097,-58.44301102385649,-52.00990360209137,-42.23575828628835,-4.863929917091325,19.535883728160886,36.871470373228846,54.0359547374559,5.495999391036421,0.6733010830709988,0.882523869432893,37,21.16,23,1,-1:-0.5 %,Ruffed Grouse
2001,2025,Maritimes,survey_region,43_-65 ; 44_-62 ; 44_-63 ; 44_-64 ; 44_-65 ; 44_-66 ; 45_-60 ; 45_-61 ; 45_-62 ; 45_-63 ; 45_-64 ; 45_-65 ; 45_-66 ; 45_-67 ; 46_-60 ; 46_-64 ; 46_-65 ; 46_-66 ; 47_-60 ; 47_-65 ; 47_-66 ; 47_-67,,-0.6504056857107421,-3.9607678555852566,-3.3704616831324197,-2.897504126400885,-1.9043067559397886,0.4183283931267434,1.4451841608073224,2.2825484117709793,2.756439634382013,-14.49601467078454,-72.16497255689691,-69.50139119956155,-60.317448396404714,-48.39026111403294,-3.7411890793001557,27.487452677564228,47.695005729789685,70.48540420167333,6.71720748996727,0.41202500406453607,0.5106807560182847,40,24.36,22,1,-1:-0.5 %,Ruffed Grouse
2001,2025,Newfoundland and Labrador,survey_region,47_-54 ; 47_-59 ; 48_-53 ; 48_-55 ; 48_-56 ; 48_-58 ; 49_-57,,1.7683892136755919,-5.5737804856831445,-4.388228921158477,-3.1082589892364454,-1.216966227448757,3.742312770341316,6.513608292446738,8.11679198450188,9.591163412093294,52.30341006380033,-93.12415224084819,-93.12415224084819,-82.9545766662528,-66.24123046388249,66.6310537856851,231.27448503679506,379.1859257087498,570.1216335933508,15.164943897776439,0.3047793985569852,0.2525879917184265,7,4.2,7,1,1:2 %,Ruffed Grouse
2001,2025,Northwest Territories,survey_region,60_-112 ; 60_-123 ; 61_-117 ; 61_-121,,-2.6156735373010664,-9.15574658356466,-8.31275041955115,-6.684865310531086,-5.01045169622355,-0.6055267019237753,1.9149871718776357,2.9928861131669704,4.62338071568229,-47.065647332467805,-97.61959127180208,-95.40168866080138,-92.14422499589313,-87.54296511458011,-42.93824442890381,9.887052278153586,63.62509265863352,136.45770703122034,13.779127299246952,0.9753467841242799,1.9474637681159421,5,2.56,4,1,-4:-2 %,Ruffed Grouse
2001,2025,Ontario,survey_region,43_-80 ; 43_-81 ; 44_-75 ; 44_-76 ; 44_-77 ; 44_-78 ; 44_-79 ; 44_-80 ; 44_-81 ; 45_-75 ; 45_-76 ; 45_-77 ; 45_-78 ; 45_-79 ; 45_-80 ; 45_-81 ; 45_-82 ; 46_-79 ; 46_-80 ; 46_-81 ; 46_-82 ; 46_-83 ; 46_-84 ; 47_-79 ; 47_-82 ; 47_-83 ; 47_-84 ; 48_-80 ; 48_-81 ; 48_-82 ; 48_-85 ; 48_-86 ; 48_-87 ; 48_-88 ; 48_-89 ; 48_-90 ; 48_-91 ; 48_-92 ; 48_-93 ; 48_-94 ; 49_-80 ; 49_-81 ; 49_-82 ; 49_-83 ; 49_-84 ; 49_-85 ; 49_-86 ; 49_-88 ; 49_-89 ; 49_-90 ; 49_-92 ; 49_-93 ; 49_-94 ; 50_-89 ; 50_-90 ; 50_-91 ; 50_-92 ; 50_-93 ; 50_-94 ; 51_-89 ; 51_-93 ; 52_-91,,-0.6306922623897371,-2.4822005200828223,-2.1920508911920877,-1.9211613271412409,-1.2415321382052702,-0.01998860306184902,0.3933091813433931,0.810624353089695,1.0927671700044383,-14.087898331029736,-47.79976129280453,-44.365557142625434,-37.895485195120685,-30.202551571885937,-5.1753435923888365,8.89486100509096,17.081775390279063,26.03890736462382,3.5749676900872607,0.5505466065175096,0.9540239115723361,270,146.08,62,1,-1:-0.5 %,Ruffed Grouse
2001,2025,Quebec,survey_region,45_-71 ; 45_-72 ; 45_-74 ; 46_-70 ; 46_-71 ; 46_-72 ; 46_-73 ; 46_-75 ; 46_-76 ; 46_-77 ; 46_-78 ; 47_-68 ; 47_-70 ; 47_-71 ; 47_-73 ; 47_-76 ; 47_-77 ; 48_-67 ; 48_-71 ; 48_-79,,-0.4784237387277679,-3.3855546869073994,-3.0027472739205696,-2.5984269456187037,-1.5023208636467222,0.5191969785054873,1.2302580328635182,1.8288164250234162,2.3434292924983113,-10.872045641659401,-60.98419440025646,-56.2468267820446,-53.62711217132523,-40.45427998074872,0.6005181919054969,25.88390247159822,47.72818114272959,66.46084671277481,5.728983979405711,0.3808904720152595,0.4651585016004521,48,23.68,20,1,-0.5:0.5 %,Ruffed Grouse
2001,2025,Saskatchewan,survey_region,49_-102 ; 50_-101 ; 50_-102 ; 50_-104 ; 51_-102 ; 52_-104 ; 52_-106 ; 52_-107 ; 53_-105 ; 53_-106 ; 53_-107 ; 54_-106 ; 54_-107 ; 54_-108,,-1.2309649724582927,-4.877507187884566,-4.318632662795407,-3.61648882557688,-2.5876439646858818,-0.2109050618596342,0.9682563996633142,1.746819432979052,2.258905845558923,-25.71528556396203,-75.07353433211192,-72.35216934902098,-65.56368489024666,-53.25822766917805,-12.994761132682363,14.509433399794712,32.12021195099657,57.40944572496731,7.136413033443489,0.5686771920962288,0.48711820586820587,18,9.4,14,1,-2:-1 %,Ruffed Grouse
2001,2025,Yukon,survey_region,60_-129 ; 60_-137 ; 63_-135 ; 63_-138 ; 63_-139,,-0.4009659695216161,-7.391896836934508,-6.421517891973149,-5.252010771174531,-3.1500304826798775,1.5543783527130373,4.097118150295698,5.706636049172786,7.334297286816804,-9.192223895190788,-95.49494310803982,-95.49494310803982,-89.72705581926657,-76.11357553718807,2.2232033753296854,91.41158779607086,189.96255296528642,332.35256100971486,14.726194123751313,0.6263882559300702,0.5431159420289855,6,3.32,5,1,-0.5:0.5 %,Ruffed Grouse
2001,2025,survey_wide,survey_wide,43_-65 ; 43_-80 ; 43_-81 ; 44_-62 ; 44_-63 ; 44_-64 ; 44_-65 ; 44_-66 ; 44_-75 ; 44_-76 ; 44_-77 ; 44_-78 ; 44_-79 ; 44_-80 ; 44_-81 ; 45_-60 ; 45_-61 ; 45_-62 ; 45_-63 ; 45_-64 ; 45_-65 ; 45_-66 ; 45_-67 ; 45_-71 ; 45_-72 ; 45_-74 ; 45_-75 ; 45_-76 ; 45_-77 ; 45_-78 ; 45_-79 ; 45_-80 ; 45_-81 ; 45_-82 ; 46_-60 ; 46_-64 ; 46_-65 ; 46_-66 ; 46_-70 ; 46_-71 ; 46_-72 ; 46_-73 ; 46_-75 ; 46_-76 ; 46_-77 ; 46_-78 ; 46_-79 ; 46_-80 ; 46_-81 ; 46_-82 ; 46_-83 ; 46_-84 ; 47_-54 ; 47_-59 ; 47_-60 ; 47_-65 ; 47_-66 ; 47_-67 ; 47_-68 ; 47_-70 ; 47_-71 ; 47_-73 ; 47_-76 ; 47_-77 ; 47_-79 ; 47_-82 ; 47_-83 ; 47_-84 ; 48_-123 ; 48_-124 ; 48_-53 ; 48_-55 ; 48_-56 ; 48_-58 ; 48_-67 ; 48_-71 ; 48_-79 ; 48_-80 ; 48_-81 ; 48_-82 ; 48_-85 ; 48_-86 ; 48_-87 ; 48_-88 ; 48_-89 ; 48_-90 ; 48_-91 ; 48_-92 ; 48_-93 ; 48_-94 ; 49_-100 ; 49_-102 ; 49_-114 ; 49_-116 ; 49_-117 ; 49_-118 ; 49_-119 ; 49_-120 ; 49_-123 ; 49_-124 ; 49_-57 ; 49_-80 ; 49_-81 ; 49_-82 ; 49_-83 ; 49_-84 ; 49_-85 ; 49_-86 ; 49_-88 ; 49_-89 ; 49_-90 ; 49_-92 ; 49_-93 ; 49_-94 ; 49_-95 ; 49_-96 ; 49_-98 ; 49_-99 ; 50_-100 ; 50_-101 ; 50_-102 ; 50_-104 ; 50_-114 ; 50_-115 ; 50_-116 ; 50_-118 ; 50_-119 ; 50_-121 ; 50_-122 ; 50_-125 ; 50_-89 ; 50_-90 ; 50_-91 ; 50_-92 ; 50_-93 ; 50_-94 ; 50_-95 ; 50_-96 ; 50_-97 ; 50_-99 ; 51_-100 ; 51_-101 ; 51_-102 ; 51_-114 ; 51_-115 ; 51_-120 ; 51_-121 ; 51_-123 ; 51_-124 ; 51_-89 ; 51_-93 ; 51_-95 ; 51_-96 ; 51_-97 ; 51_-98 ; 51_-99 ; 52_-100 ; 52_-104 ; 52_-106 ; 52_-107 ; 52_-113 ; 52_-114 ; 52_-115 ; 52_-116 ; 52_-117 ; 52_-121 ; 52_-122 ; 52_-123 ; 52_-125 ; 52_-126 ; 52_-91 ; 52_-99 ; 53_-101 ; 53_-105 ; 53_-106 ; 53_-107 ; 53_-110 ; 53_-111 ; 53_-113 ; 53_-114 ; 53_-115 ; 53_-117 ; 53_-119 ; 53_-120 ; 53_-121 ; 53_-122 ; 53_-124 ; 54_-100 ; 54_-101 ; 54_-106 ; 54_-107 ; 54_-108 ; 54_-110 ; 54_-111 ; 54_-112 ; 54_-113 ; 54_-114 ; 54_-115 ; 54_-117 ; 54_-122 ; 54_-124 ; 54_-125 ; 54_-126 ; 54_-128 ; 54_-129 ; 54_-99 ; 55_-113 ; 55_-114 ; 55_-119 ; 55_-120 ; 55_-121 ; 55_-123 ; 55_-127 ; 56_-117 ; 56_-121 ; 56_-129 ; 59_-111 ; 59_-112 ; 59_-129 ; 59_-133 ; 60_-112 ; 60_-123 ; 60_-129 ; 60_-137 ; 61_-117 ; 61_-121 ; 63_-135 ; 63_-138 ; 63_-139,,-0.7755316546944391,-2.3522597846554416,-2.1851351462056745,-1.8925939342733122,-1.2543449790240913,-0.16588157365893252,0.19755950766069397,0.47318506039633057,0.8377499816761613,-17.043439915029158,-47.39660216275428,-41.19905486173374,-37.96092596727129,-30.475486649937476,-8.792720997151626,3.1728368109306793,11.996403609437767,17.61155603324984,3.190009766331603,0.5469672849853037,0.9310560362038526,540,293.6,229,1,-1:-0.5 %,Ruffed Grouse
2010,2025,Alberta,survey_region,51_-114 ; 52_-113 ; 53_-111 ; 53_-112 ; 53_-113 ; 53_-114 ; 54_-110 ; 54_-113 ; 56_-116,,-3.2059233726260072,-7.994758176152105,-6.820191586901625,-6.230429344570876,-4.80491700239215,-1.6828985194858204,-0.3720288833631735,0.8128703999817244,1.096876433112537,-38.66170161119996,-76.00343885122682,-72.22160382393132,-65.34010861535452,-58.88717742603801,-30.04018574000836,-10.024610434031233,1.3516799009834823,11.690089684559023,9.091634609264641,0.29148366978050844,0.2947511758523663,34,18.1875,9,1,-4:-2 %,Long-eared Owl
2010,2025,British Columbia,survey_region,49_-115 ; 49_-119 ; 50_-120 ; 58_-123,,-2.943158321029143,-8.314114693087538,-7.17883039565983,-6.215009930335014,-4.732979225393241,-1.252453866568648,0.40811129871136664,1.4530067791282963,2.0694376521256164,-36.115967036587016,-77.87142001465075,-75.96212674158002,-68.78050198585493,-58.09626184162997,-25.679223275935637,-5.597603246124416,8.427982660640932,25.617121813425836,10.383552345213154,0.2836046276540276,0.19270833333333331,10,4.8125,4,1,-4:-2 %,Long-eared Owl
2010,2025,Manitoba,survey_region,49_-95 ; 49_-96 ; 49_-99 ; 50_-95 ; 50_-96 ; 50_-97 ; 51_-96 ; 53_-101,,-4.393319411124185,-8.320731132679239,-7.216953893406142,-6.592604782141143,-5.451758476287516,-2.9359704872753967,-1.8804634672495935,-1.0945002012888838,-0.9846169125571236,-49.028947602744765,-74.98572215962352,-72.33109401683406,-67.02078958101015,-61.32182980668895,-41.933953747112305,-28.973521522652845,-23.672695962094657,-16.484870677230447,7.336114220122115,0.3250327674501783,0.42017591411564625,43,26.1875,8,1,-7:-4 %,Long-eared Owl
2010,2025,Maritimes,survey_region,44_-63 ; 45_-60 ; 45_-64 ; 45_-66 ; 46_-62 ; 47_-65 ; 47_-66 ; 47_-67,,0.43989229680727604,-5.054861145233347,-4.240005413674719,-3.0835329744784867,-1.5148691459244135,2.3773645713154323,4.118301357362686,5.068880709732149,6.205774917227691,6.805492569279936,-66.99281589808155,-58.018629902314366,-48.188480588670465,-38.06144009176655,18.778534742855,63.191367392572296,87.39274868636382,114.94261352978876,11.260636062461039,0.22730418894531249,0.20083085317460317,15,10.8125,8,1,-0.5:0.5 %,Long-eared Owl
2010,2025,Ontario,survey_region,44_-76 ; 44_-77 ; 44_-79 ; 44_-80 ; 45_-76 ; 45_-81 ; 45_-82 ; 46_-82 ; 46_-83 ; 47_-82 ; 48_-81 ; 48_-82 ; 48_-89 ; 48_-90 ; 48_-91 ; 48_-93 ; 48_-94 ; 49_-86 ; 49_-88 ; 49_-90 ; 49_-93 ; 49_-94 ; 51_-89 ; 51_-93 ; 52_-91,,-2.7746936353947538,-6.817863453831963,-6.033699237880452,-5.321435862145574,-3.919969691523384,-1.2496408805960146,-0.26992211818160916,0.3416330090741715,0.8950260216143091,-34.43232183086747,-67.62638304030193,-65.32711648403082,-61.269023746389514,-49.35926912260372,-22.721040717435038,-11.64784745898968,-0.9954133877532745,9.89820760469511,7.712889475446272,0.283117968615534,0.2651173384633654,43,30.125,25,1,-4:-2 %,Long-eared Owl
2010,2025,Saskatchewan,survey_region,50_-103 ; 51_-102 ; 51_-106 ; 52_-107,,-4.062199897539875,-8.701330370688531,-7.652399139665267,-6.848903259697603,-5.6076097291081535,-2.556381507732397,-1.006422969550802,0.02561330783454885,0.48812652837246784,-46.31581803796321,-77.06243552158682,-75.68616533881239,-70.45367758090882,-64.97783764575111,-39.81737167804293,-21.532168233237027,-12.162175967645894,1.2028725306815202,9.189456899061,0.3109109950030786,0.1,4,1.125,4,1,-7:-4 %,Long-eared Owl
2010,2025,Yukon,survey_region,63_-135,,1.37528270429228,-8.966853866408165,-8.430158343212868,-5.53648592535837,-2.927567691663202,4.4807567599777,8.696590978042074,10.160129298339049,12.762478231051677,22.73860903397189,-93.26161190447087,-92.22463191121588,-82.37045134847604,-64.08120899994393,37.569031606027266,155.2502182597678,267.5477180325939,421.10863265447784,21.729332097459842,0.21459263374999998,0,1,0.75,1,1,1:2 %,Long-eared Owl
2010,2025,survey_wide,survey_wide,44_-63 ; 44_-76 ; 44_-77 ; 44_-79 ; 44_-80 ; 45_-60 ; 45_-64 ; 45_-66 ; 45_-76 ; 45_-81 ; 45_-82 ; 46_-62 ; 46_-82 ; 46_-83 ; 47_-65 ; 47_-66 ; 47_-67 ; 47_-82 ; 48_-81 ; 48_-82 ; 48_-89 ; 48_-90 ; 48_-91 ; 48_-93 ; 48_-94 ; 49_-115 ; 49_-119 ; 49_-86 ; 49_-88 ; 49_-90 ; 49_-93 ; 49_-94 ; 49_-95 ; 49_-96 ; 49_-99 ; 50_-103 ; 50_-120 ; 50_-95 ; 50_-96 ; 50_-97 ; 51_-102 ; 51_-106 ; 51_-114 ; 51_-89 ; 51_-93 ; 51_-96 ; 52_-107 ; 52_-113 ; 52_-91 ; 53_-101 ; 53_-111 ; 53_-112 ; 53_-113 ; 53_-114 ; 54_-110 ; 54_-113 ; 56_-116 ; 58_-123 ; 63_-135,,-3.6855214219760066,-7.581325541223416,-6.3925697016680605,-5.835749045411786,-4.69911428553218,-2.341544691223607,-1.3806893696706957,-0.5517011258866722,-0.5517011258866722,-43.06574162713868,-71.90486624551575,-69.77399702580108,-61.95290034789367,-55.028144591215124,-34.27715096588523,-22.216873226648314,-18.86422578768817,-11.211080395465434,7.029624415336744,0.30559443967414024,0.26929714684940204,150,92,59,1,-4:-2 %,Long-eared Owl
2000,2025,Alberta,survey_region,51_-114 ; 52_-113 ; 53_-111 ; 53_-112 ; 53_-113 ; 53_-114 ; 54_-110 ; 54_-113 ; 56_-116,,-2.1192397721227216,-5.431222134114733,-4.810014408795105,-4.256154710695759,-3.120486333985373,-0.8873298186181655,-0.06944851831470755,0.4664595144166839,1.021760721878584,-41.46261128272268,-80.6619356585102,-75.52682312092507,-75.43055793548508,-64.34495536181521,-32.8817164376524,-15.277131743152307,2.730647825396626,16.20140088471116,6.452982855993317,0.3262338122444432,0.3147103865195268,34,20.153846153846153,9,1,-4:-2 %,Long-eared Owl
2000,2025,British Columbia,survey_region,49_-115 ; 49_-119 ; 50_-120 ; 58_-123,,-2.334678363419979,-5.862412763700576,-5.332909013433906,-4.798628251343329,-3.4990570199669335,-1.058806780964816,-0.07454767673598095,0.6976631264668409,1.2047337403576108,-44.60001689905436,-83.62185639123054,-83.90752757074415,-78.34406180881838,-67.41728079665349,-35.075671659842364,-15.233145870656584,0.8896144236365311,20.301559700414074,7.0671465040581865,0.3270640791720527,0.23012820512820512,10,5.423076923076923,4,1,-4:-2 %,Long-eared Owl
2000,2025,Manitoba,survey_region,49_-95 ; 49_-96 ; 49_-99 ; 50_-95 ; 50_-96 ; 50_-97 ; 51_-96 ; 53_-101,,-1.4376917802395306,-4.029437758189902,-3.585799950822932,-3.10323742264641,-2.6516781531582767,-0.8516145668178154,0.22513258880525466,0.7146118130160861,1.1110845940234482,-30.37396860580849,-70.2350205768742,-64.63344654802363,-59.85452014097481,-49.313920193890894,-19.713413446178897,-1.4175713247283839,10.295248737301922,21.455579456034247,5.14052235221335,0.3370217229656851,0.4049831022152451,43,23.307692307692307,8,1,-2:-1 %,Long-eared Owl
2000,2025,Maritimes,survey_region,44_-63 ; 45_-60 ; 45_-64 ; 45_-66 ; 46_-62 ; 47_-65 ; 47_-66 ; 47_-67,,0.3450192531801788,-3.2263655619330422,-2.6966665652060295,-2.0112691698367935,-0.8579314145845451,1.649074901581682,2.8528361579416517,3.507834391621323,4.205920637601768,8.992225097571428,-68.3220757314902,-68.3220757314902,-54.93453325619695,-38.090837776445966,26.002352483419777,72.5185494736613,103.50858207052794,141.45381787738495,7.4322861995348095,0.20860591928365385,0.1723519536019536,15,11.423076923076923,8,1,-0.5:0.5 %,Long-eared Owl
2000,2025,Ontario,survey_region,44_-76 ; 44_-77 ; 44_-79 ; 44_-80 ; 45_-76 ; 45_-81 ; 45_-82 ; 46_-82 ; 46_-83 ; 47_-82 ; 48_-81 ; 48_-82 ; 48_-89 ; 48_-90 ; 48_-91 ; 48_-93 ; 48_-94 ; 49_-86 ; 49_-88 ; 49_-90 ; 49_-93 ; 49_-94 ; 51_-89 ; 51_-93 ; 52_-91,,-0.6593223005610382,-3.5928704910514253,-3.0343891971541415,-2.4701560909884845,-1.5718600726449927,0.26152800913417096,1.1801941567252339,1.7561956728002315,2.2245970516524327,-15.242527416053854,-68.56725303466901,-60.79842705634153,-53.24255967599927,-37.528517489633984,-0.11820311687382734,22.53214751064099,40.74937146340047,58.609345715318575,5.817467542703858,0.2823059597666111,0.2519642923792444,43,28.115384615384617,25,1,-1:-0.5 %,Long-eared Owl
2000,2025,Saskatchewan,survey_region,50_-103 ; 51_-102 ; 51_-106 ; 52_-107,,-2.259920899760015,-5.735334528529023,-5.185711280644922,-4.4464523365951525,-3.333425019026337,-1.115259234668009,-0.0856381881789714,0.3643628977719304,1.063460103930991,-43.5300822132223,-83.97275635800774,-78.84873091437616,-74.7454633313865,-65.29086064276409,-34.69462827606047,-14.202478295319764,1.0674736285447572,15.10840410590979,6.798794632460014,0.3487425042453403,0.4666666666666667,4,1.5384615384615385,4,1,-4:-2 %,Long-eared Owl
2000,2025,Yukon,survey_region,63_-135,,-1.304016191364804,-9.122474645176892,-7.676301369332483,-6.149093836257691,-4.185196440521144,0.8984431449314823,3.7119788481949634,5.306536178163435,6.443720359711413,-27.97431729523101,-98.29225989289371,-97.4195195421544,-97.4195195421544,-92.12923573625034,-25.4345606592975,60.57693781148146,141.82469871658813,252.3654420016704,15.566195004888305,0.23285258576923076,0.05263157894736842,1,0.9615384615384616,1,1,-2:-1 %,Long-eared Owl
2000,2025,survey_wide,survey_wide,44_-63 ; 44_-76 ; 44_-77 ; 44_-79 ; 44_-80 ; 45_-60 ; 45_-64 ; 45_-66 ; 45_-76 ; 45_-81 ; 45_-82 ; 46_-62 ; 46_-82 ; 46_-83 ; 47_-65 ; 47_-66 ; 47_-67 ; 47_-82 ; 48_-81 ; 48_-82 ; 48_-89 ; 48_-90 ; 48_-91 ; 48_-93 ; 48_-94 ; 49_-115 ; 49_-119 ; 49_-86 ; 49_-88 ; 49_-90 ; 49_-93 ; 49_-94 ; 49_-95 ; 49_-96 ; 49_-99 ; 50_-103 ; 50_-120 ; 50_-95 ; 50_-96 ; 50_-97 ; 51_-102 ; 51_-106 ; 51_-114 ; 51_-89 ; 51_-93 ; 51_-96 ; 52_-107 ; 52_-113 ; 52_-91 ; 53_-101 ; 53_-111 ; 53_-112 ; 53_-113 ; 53_-114 ; 54_-110 ; 54_-113 ; 56_-116 ; 58_-123 ; 63_-135,,-1.7998372615730285,-4.4289210483292045,-3.871901882508577,-3.3642341185406877,-2.4255994215418686,-0.8111007221496491,-0.2680813409467575,0.15585092606025253,0.4626085538206315,-36.49539882000838,-72.4590013448014,-67.95140119526614,-61.3550115438082,-54.65614928201097,-28.2429803323318,-11.795130474653416,-4.4682450624771946,3.9700198721719593,4.891529602149836,0.32971436054060826,0.2807376551381037,150,90.92307692307692,59,1,-2:-1 %,Long-eared Owl
2010,2025,Alberta,survey_region,49_-114 ; 50_-114 ; 51_-114 ; 53_-111 ; 53_-112 ; 53_-113 ; 53_-114 ; 53_-116 ; 54_-110 ; 54_-111 ; 54_-113 ; 54_-114 ; 54_-118 ; 55_-119 ; 56_-116 ; 56_-117,,-1.2298665319621094,-5.57418141542716,-5.06922036986972,-4.190365166462917,-2.686282402077156,0.36781698282504216,1.5913334358914843,2.269670085703246,3.314526925828365,-16.941399418504734,-66.05977842265389,-60.065780838989205,-53.457383491917085,-39.63083347166958,-1.756995949498319,18.17345670965471,32.942278386184,45.93244384113269,8.888708341255525,0.2585980359508232,0.23846217054550387,30,18.1875,16,1,-2:-1 %,Great Gray Owl
2010,2025,British Columbia,survey_region,50_-120 ; 51_-120 ; 52_-122 ; 52_-125 ; 54_-127,,-0.769406445273263,-5.719464162415111,-4.9339864463590395,-4.392652320786228,-2.5117008490169845,0.939279696806139,2.300505664955166,3.722038071824496,4.682903698230456,-10.939764931488316,-70.25020581723909,-63.81520495705271,-56.47851006205197,-44.16250046639165,0.24066893617820106,30.194318742662652,53.34038432442503,73.70036147115732,10.402367860645567,0.25126549190868025,0.15555555555555556,5,2.25,5,1,-1:-0.5 %,Great Gray Owl
2010,2025,Manitoba,survey_region,49_-95 ; 49_-96 ; 50_-95 ; 50_-96 ; 50_-97 ; 51_-100 ; 51_-96 ; 53_-101,,-3.526226968518581,-7.128785377350145,-6.768314155854361,-5.717534032043259,-4.522076253996666,-2.1086512896185683,-1.1612591743264677,-0.724821208391202,0.029235812835026742,-41.636818524553355,-70.66668197137137,-66.80739066985385,-61.734198597604696,-53.33700169918658,-31.642541886165375,-20.690537591162073,-14.615629277526931,-7.102664950393334,7.158021190185171,0.2773179688465197,0.35599773242630384,33,16.5,8,1,-4:-2 %,Great Gray Owl
2010,2025,Northwest Territories,survey_region,61_-117 ; 61_-121,,-0.5820569499488171,-6.638417900321059,-5.6387531729141465,-4.523185223550675,-2.2472292161984875,1.7223327220325713,3.166266221124725,4.387131688892909,5.216434041853213,-8.383942138290568,-73.22523484831886,-68.68809475984203,-59.179701950080485,-41.33416100245449,9.908372820046996,42.516086659139305,65.36969727684874,101.03884254897034,11.854851942174271,0.25048348875,0.1,2,0.875,2,1,-1:-0.5 %,Great Gray Owl
2010,2025,Ontario,survey_region,46_-80 ; 46_-83 ; 47_-79 ; 47_-80 ; 47_-82 ; 47_-83 ; 47_-84 ; 48_-80 ; 48_-81 ; 48_-88 ; 48_-89 ; 48_-90 ; 48_-91 ; 48_-92 ; 48_-93 ; 48_-94 ; 49_-80 ; 49_-82 ; 49_-83 ; 49_-85 ; 49_-90 ; 49_-91 ; 49_-92 ; 49_-93 ; 49_-94 ; 50_-91 ; 50_-92 ; 50_-93 ; 50_-94 ; 51_-89 ; 51_-93 ; 52_-91,,-3.4892481479494086,-7.195121876792177,-6.391637039553988,-5.616430496142422,-4.686594436924052,-2.371506055730388,-1.2432597193734019,-0.7446474330245034,-0.3657232440505642,-41.30035364180469,-70.65230665856227,-66.21699169647,-61.13501105081244,-52.97953277175306,-32.291638766595284,-21.714708150009756,-15.662367645304142,-10.16814308866234,6.829398632741613,0.27480495886709144,0.3534217610662427,62,33.4375,32,1,-4:-2 %,Great Gray Owl
2010,2025,Quebec,survey_region,48_-79,,-1.589424533124606,-7.782077757785699,-6.5909588793078395,-5.426453016521404,-3.3447339273518284,0.5706642957746588,2.140684504512813,3.029121988763106,3.94344551068877,-21.363066086416936,-76.61607616190066,-72.92761858802285,-67.91729432987398,-52.8148127630397,-9.060394274259354,18.10574433556731,42.26163659264701,66.45629710402075,11.725523268474468,0.25921895562499997,2,1,0.1875,1,1,-2:-1 %,Great Gray Owl
2010,2025,Saskatchewan,survey_region,53_-106,,-3.1199494964047227,-8.272192109004505,-7.531635459132624,-5.915146689205242,-4.712788100744514,-1.3594830816242132,0.5741274854025757,0.7221815362753459,1.7354058190697907,-37.839377592609345,-79.06980605942582,-72.48840344008627,-68.8326732103681,-55.987147726790845,-24.656588102560907,-8.41891234628479,6.314629200457089,15.634458828246899,10.007597928074297,0.2789535803125,0,1,0.375,1,1,-4:-2 %,Great Gray Owl
2010,2025,Yukon,survey_region,60_-134,,1.0824681612604525,-7.705772368649,-5.670718835809363,-4.42687588374171,-2.330616471056135,3.304704869868935,6.393661538116624,8.528769844867611,9.712142728092378,17.52698784670519,-88.8122246685323,-76.24820577114991,-71.65715192383342,-50.93416460768974,32.114074192529095,105.14782012849028,177.94688811365958,248.75835953969468,17.41791509674138,0.23431356250000002,0.25,2,1.1875,1,1,1:2 %,Great Gray Owl
2010,2025,survey_wide,survey_wide,46_-80 ; 46_-83 ; 47_-79 ; 47_-80 ; 47_-82 ; 47_-83 ; 47_-84 ; 48_-79 ; 48_-80 ; 48_-81 ; 48_-88 ; 48_-89 ; 48_-90 ; 48_-91 ; 48_-92 ; 48_-93 ; 48_-94 ; 49_-114 ; 49_-80 ; 49_-82 ; 49_-83 ; 49_-85 ; 49_-90 ; 49_-91 ; 49_-92 ; 49_-93 ; 49_-94 ; 49_-95 ; 49_-96 ; 50_-114 ; 50_-120 ; 50_-91 ; 50_-92 ; 50_-93 ; 50_-94 ; 50_-95 ; 50_-96 ; 50_-97 ; 51_-100 ; 51_-114 ; 51_-120 ; 51_-89 ; 51_-93 ; 51_-96 ; 52_-122 ; 52_-125 ; 52_-91 ; 53_-101 ; 53_-106 ; 53_-111 ; 53_-112 ; 53_-113 ; 53_-114 ; 53_-116 ; 54_-110 ; 54_-111 ; 54_-113 ; 54_-114 ; 54_-118 ; 54_-127 ; 55_-119 ; 56_-116 ; 56_-117 ; 60_-134 ; 61_-117 ; 61_-121,,-2.3067247365425647,-6.03191315269922,-5.333604423770422,-4.6395399254748115,-3.3616902650248637,-1.0671985927445338,-0.22086367378393312,0.30715857837513294,0.9815142617225048,-29.535552646050622,-65.25238430885545,-59.30002758040859,-52.8792942039062,-40.297504835284506,-15.10007624025297,-5.630675332517132,1.4182954807488546,8.230560115810537,7.013427414421725,0.2675972919341239,0.3245253009303105,136,73,66,1,-4:-2 %,Great Gray Owl
2000,2025,Alberta,survey_region,49_-114 ; 50_-114 ; 51_-114 ; 53_-111 ; 53_-112 ; 53_-113 ; 53_-114 ; 53_-116 ; 54_-110 ; 54_-111 ; 54_-113 ; 54_-114 ; 54_-118 ; 55_-119 ; 56_-116 ; 56_-117,,0.018909694596458415,-3.191006886882708,-2.5842455740327175,-2.13505783850213,-1.037943266917074,1.0309257100344915,1.92159739595954,2.583434954724928,3.059142847499241,0.47381986306578305,-63.023877787724835,-56.89345649510389,-49.54253527678555,-35.09732593219263,14.30002977323137,48.57524389508532,72.02423927641644,96.82027600167208,6.250149734381949,0.2506305179739786,0.23798339623339623,30,17.846153846153847,16,1,-0.5:0.5 %,Great Gray Owl
2000,2025,British Columbia,survey_region,50_-120 ; 51_-120 ; 52_-122 ; 52_-125 ; 54_-127,,0.4598023186539346,-3.2104526306468983,-2.3259630932492725,-1.8716626664143754,-0.7640611973873779,1.662846155011266,2.775409607255752,3.622014468383261,3.9823866134130137,12.152248821696254,-66.44043140345623,-58.34698051243726,-53.86636531633311,-32.29032357555875,31.307681973538102,73.7183549508654,109.40299996482779,138.20375750244992,7.192839244059912,0.2378574016687106,0.20266666666666666,5,2.730769230769231,5,1,-0.5:0.5 %,Great Gray Owl
2000,2025,Manitoba,survey_region,49_-95 ; 49_-96 ; 50_-95 ; 50_-96 ; 50_-97 ; 51_-100 ; 51_-96 ; 53_-101,,-2.5704551994040923,-5.1439958930898255,-4.557189990957145,-3.958213196739002,-3.4548313349622273,-1.8930880414300244,-0.9860785988818677,-0.6634410238991695,-0.4585792942134792,-47.84849416134678,-74.33495590823173,-73.5048966619592,-67.9563900667663,-62.121357501142704,-41.87105171044624,-28.020463702970023,-21.867375113065535,-12.803155161242941,4.685416598876346,0.31793398697058756,0.36174733996162567,33,16.384615384615383,8,1,-4:-2 %,Great Gray Owl
2000,2025,Northwest Territories,survey_region,61_-117 ; 61_-121,,0.7680091700924763,-3.59046202165878,-2.873771277382642,-2.263051386202719,-0.6823618638462703,2.267076168465998,3.437814745630985,4.412626917241824,5.236564214851724,21.078481761857027,-77.00665970877473,-69.11814230518057,-61.03607243688456,-44.242231936600184,35.35054683342413,98.54812847267338,147.65493798805505,204.11294181457768,8.827026236510505,0.23368535403846155,0.15789473684210525,2,1.0769230769230769,2,1,0.5:1 %,Great Gray Owl
2000,2025,Ontario,survey_region,46_-80 ; 46_-83 ; 47_-79 ; 47_-80 ; 47_-82 ; 47_-83 ; 47_-84 ; 48_-80 ; 48_-81 ; 48_-88 ; 48_-89 ; 48_-90 ; 48_-91 ; 48_-92 ; 48_-93 ; 48_-94 ; 49_-80 ; 49_-82 ; 49_-83 ; 49_-85 ; 49_-90 ; 49_-91 ; 49_-92 ; 49_-93 ; 49_-94 ; 50_-91 ; 50_-92 ; 50_-93 ; 50_-94 ; 51_-89 ; 51_-93 ; 52_-91,,-2.476093472612134,-5.004422001364128,-4.3171175803584205,-3.8305834425153784,-3.201822311650604,-1.7283705644401293,-0.9335706684142298,-0.4402433045327392,-0.4402433045327392,-46.57097621158188,-74.90514090257857,-72.51740654633667,-64.889852985954093,-58.448581547570285,-38.15126705940217,-25.18695102926981,-20.792442592967465,-13.519091218777202,4.564178696831389,0.3153157490405232,0.4066329252503061,62,34.5,32,1,-4:-2 %,Great Gray Owl
2000,2025,Quebec,survey_region,48_-79,,-0.9007979844752712,-5.039002144695759,-4.353386962261241,-3.719672869456425,-2.592861910822253,0.20040663348557253,1.5930442844595216,2.7054769832542958,3.3848117607639505,-20.24573150266853,-85.05611612974762,-80.10911209994278,-68.73855982412967,-57.64896367026178,-8.593455924460391,33.96318391295243,63.33723087186953,98.86962876944962,8.42381390545971,0.2618313575,1.3333333333333333,1,0.23076923076923078,1,1,-1:-0.5 %,Great Gray Owl
2000,2025,Saskatchewan,survey_region,53_-106,,-1.7162105485509782,-5.426454009444914,-4.95078926292315,-4.079587891445147,-2.9956181831384376,-0.5905026369094624,0.6372300546273468,1.1661392935290449,1.8418404373429453,-35.12948850454454,-81.79288525052849,-76.85267047629448,-75.5173726694528,-60.58329767304262,-23.02513665827014,-1.5730564164231686,21.642498365767302,40.00100985857205,7.268294446787859,0.30062903403846153,0.5454545454545454,1,0.46153846153846156,1,1,-2:-1 %,Great Gray Owl
2000,2025,Yukon,survey_region,60_-134,,2.216487162098868,-4.162132537309193,-3.2058957521111764,-2.1199739685083596,0.05474099311655323,4.456397485504104,6.236780688548649,7.665755260169993,9.105933669389877,72.99114435671221,-86.45681185016943,-80.46537492244647,-76.49658060256871,-46.90582143104813,93.76559714982018,250.70459195646447,418.7121025750214,605.8884926611435,13.268066206699071,0.20222057173076924,0.15,2,1.0769230769230769,1,1,2:4 %,Great Gray Owl
2000,2025,survey_wide,survey_wide,46_-80 ; 46_-83 ; 47_-79 ; 47_-80 ; 47_-82 ; 47_-83 ; 47_-84 ; 48_-79 ; 48_-80 ; 48_-81 ; 48_-88 ; 48_-89 ; 48_-90 ; 48_-91 ; 48_-92 ; 48_-93 ; 48_-94 ; 49_-114 ; 49_-80 ; 49_-82 ; 49_-83 ; 49_-85 ; 49_-90 ; 49_-91 ; 49_-92 ; 49_-93 ; 49_-94 ; 49_-95 ; 49_-96 ; 50_-114 ; 50_-120 ; 50_-91 ; 50_-92 ; 50_-93 ; 50_-94 ; 50_-95 ; 50_-96 ; 50_-97 ; 51_-100 ; 51_-114 ; 51_-120 ; 51_-89 ; 51_-93 ; 51_-96 ; 52_-122 ; 52_-125 ; 52_-91 ; 53_-101 ; 53_-106 ; 53_-111 ; 53_-112 ; 53_-113 ; 53_-114 ; 53_-116 ; 54_-110 ; 54_-111 ; 54_-113 ; 54_-114 ; 54_-118 ; 54_-127 ; 55_-119 ; 56_-116 ; 56_-117 ; 60_-134 ; 61_-117 ; 61_-121,,-1.2959705363663143,-3.833245452521006,-3.222225818575075,-2.720275754461554,-2.0065366393456574,-0.6026814921698653,0.08055230548742465,0.5400624757708083,0.9151842394549581,-27.827447418817997,-65.30465569635169,-61.29943883426375,-55.11396236209352,-45.44650620992461,-20.06250070361073,-4.6631356703336735,5.753207367956659,19.906366411955844,4.748429691975964,0.2816488015232325,0.3496107785718359,136,74.3076923076923,66,1,-2:-1 %,Great Gray Owl
2010,2025,British Columbia,survey_region,48_-123 ; 49_-115 ; 49_-119 ; 49_-124 ; 50_-125 ; 50_-126,,2.291648392459289,-2.0604033731330906,-1.5355073979499534,-0.9917483143937256,-0.34574272951277685,3.037034988145937,5.560200450053254,7.120990995408771,8.482526320642393,40.47617086883195,-40.64128122815344,-32.4829274537634,-19.978529352930565,-9.00203644587677,52.32572304520136,114.2099294528176,161.12323081934724,207.34893993501296,10.542929693775484,0.41003720080925793,0.39914814814814814,22,8.8125,6,1,2:4 %,Western Screech-Owl
2010,2025,survey_wide,survey_wide,48_-123 ; 49_-115 ; 49_-119 ; 49_-124 ; 50_-125 ; 50_-126,,2.291648392459289,-2.0604033731330906,-1.5355073979499534,-0.9917483143937256,-0.34574272951277685,3.037034988145937,5.560200450053254,7.120990995408771,8.482526320642393,40.47617086883195,-40.64128122815344,-32.4829274537634,-19.978529352930565,-9.00203644587677,52.32572304520136,114.2099294528176,161.12323081934724,207.34893993501296,10.542929693775484,0.41003720080925793,0.39914814814814814,22,8.8125,6,1,2:4 %,Western Screech-Owl
2000,2025,British Columbia,survey_region,48_-123 ; 49_-115 ; 49_-119 ; 49_-124 ; 50_-125 ; 50_-126,,0.09702302218922432,-3.2468437098055247,-2.458497493100542,-1.792023208580773,-0.7830084737440957,0.9755677946634123,1.9874067640456072,2.652741691079963,3.0985960129090717,2.4540273158665027,-65.76710525483824,-56.11723210606232,-45.540604463995074,-24.711943465886254,19.87940926064473,49.08090502629037,72.48167857662564,94.6909988146003,6.3454397227145964,0.3990969178611234,0.38515555555555553,22,11.423076923076923,6,1,-0.5:0.5 %,Western Screech-Owl
2000,2025,survey_wide,survey_wide,48_-123 ; 49_-115 ; 49_-119 ; 49_-124 ; 50_-125 ; 50_-126,,0.09702302218922432,-3.2468437098055247,-2.458497493100542,-1.792023208580773,-0.7830084737440957,0.9755677946634123,1.9874067640456072,2.652741691079963,3.0985960129090717,2.4540273158665027,-65.76710525483824,-56.11723210606232,-45.540604463995074,-24.711943465886254,19.87940926064473,49.08090502629037,72.48167857662564,94.6909988146003,6.3454397227145964,0.3990969178611234,0.38515555555555553,22,11.423076923076923,6,1,-0.5:0.5 %,Western Screech-Owl
2010,2025,Ontario,survey_region,43_-81 ; 44_-76 ; 44_-77 ; 44_-79 ; 44_-80 ; 44_-81,,-1.1930818256503495,-7.961695973105387,-6.869541390685175,-5.1416649480643954,-3.2181580664197518,0.6882647072244064,2.615166580585493,3.646142342416625,4.971668100966475,-16.47618823586392,-79.32122207294496,-73.60044758833568,-63.872996804145565,-45.97583079076482,1.4650896055794949,31.548971055938857,52.92060028715395,83.3694129584474,12.933364074071863,0.5226402815474187,0.4879273504273504,14,7.75,6,1,-2:-1 %,Eastern Screech-Owl
2010,2025,Quebec,survey_region,45_-74,,0.5459127252015694,-10.515877697796117,-8.86724693909552,-6.102358107751615,-3.9889412426913573,3.224339035092094,8.126740505286612,9.794387567021845,12.147251717389175,8.50913790847192,-98.59763251978974,-95.04169022886346,-88.65239097505602,-75.20540645194487,17.103811707038254,120.76346877169671,216.55054306613545,334.0200529252857,22.663129415185292,0.47033374,0.16666666666666666,1,0.9375,1,1,0.5:1 %,Eastern Screech-Owl
2010,2025,survey_wide,survey_wide,43_-81 ; 44_-76 ; 44_-77 ; 44_-79 ; 44_-80 ; 44_-81 ; 45_-74,,-1.1856102299092564,-7.9589246998298275,-6.619828221065049,-5.218143400050634,-3.0575972036551713,0.795314890031551,2.4940962187383064,3.831100010903743,4.9037362927593975,-16.381399432694856,-79.59478588361848,-73.91794696331446,-66.63857987361077,-46.47274851841448,0.6758819653825965,27.549684996846622,52.41049188358009,82.73545491491411,12.862660992589225,0.5229175318871849,0.4225274725274725,15,8.6875,7,1,-2:-1 %,Eastern Screech-Owl
2000,2025,Ontario,survey_region,43_-81 ; 44_-76 ; 44_-77 ; 44_-79 ; 44_-80 ; 44_-81,,0.32227675075253703,-4.138542051570237,-3.1475285155217025,-2.3438603522072055,-1.178976536578713,1.6131372173014524,3.180246826620814,4.14910292749775,4.8262851388552575,8.376346258697343,-81.75553930765341,-66.97620056083467,-60.00964301509746,-42.420726922773014,25.518235378895948,79.61142403123107,129.7211258610539,176.30474252296636,8.964827190425495,0.5183279770114629,0.4945833333333333,14,8.153846153846153,6,1,-0.5:0.5 %,Eastern Screech-Owl
2000,2025,Quebec,survey_region,45_-74,,-0.6766163508765355,-9.59497125894183,-8.104821374180348,-5.823927285721819,-3.482765810857147,2.0257604879621693,4.958107417794433,6.498017608288453,8.073320461114953,-15.610625135564604,-99.73434470765432,-99.73434470765432,-98.9414784129694,-90.38134638911313,-9.792029315310414,103.99652624627089,227.42901125320515,428.0033907368082,17.668291720056786,0.49760134692307695,0.16666666666666666,1,0.5769230769230769,1,1,-1:-0.5 %,Eastern Screech-Owl
2000,2025,survey_wide,survey_wide,43_-81 ; 44_-76 ; 44_-77 ; 44_-79 ; 44_-80 ; 44_-81 ; 45_-74,,0.27700963188620475,-4.209001391957445,-3.1163787648119223,-2.572280869153465,-1.2548309526664303,1.4828847405481405,2.8721239326297443,4.143640357676648,4.680490544127869,7.1604080801563,-76.8159638662405,-71.43771742822203,-59.330565411994755,-42.799075716561156,23.85931787859077,77.32984529583578,119.87891982995524,175.9426692257807,8.889491936085314,0.5195630816783071,0.4559379509379509,15,8.73076923076923,7,1,-0.5:0.5 %,Eastern Screech-Owl
